/*
Navicat MySQL Data Transfer

Source Server         : localhost
Source Server Version : 50556
Source Host           : localhost:3306
Source Database       : ry_431

Target Server Type    : MYSQL
Target Server Version : 50556
File Encoding         : 65001

Date: 2020-07-12 00:00:45
*/

SET FOREIGN_KEY_CHECKS=0;

-- ----------------------------
-- Table structure for act_evt_log
-- ----------------------------
DROP TABLE IF EXISTS `act_evt_log`;
CREATE TABLE `act_evt_log` (
  `LOG_NR_` bigint(20) NOT NULL AUTO_INCREMENT,
  `TYPE_` varchar(64) COLLATE utf8_bin DEFAULT NULL,
  `PROC_DEF_ID_` varchar(64) COLLATE utf8_bin DEFAULT NULL,
  `PROC_INST_ID_` varchar(64) COLLATE utf8_bin DEFAULT NULL,
  `EXECUTION_ID_` varchar(64) COLLATE utf8_bin DEFAULT NULL,
  `TASK_ID_` varchar(64) COLLATE utf8_bin DEFAULT NULL,
  `TIME_STAMP_` timestamp NOT NULL DEFAULT CURRENT_TIMESTAMP ON UPDATE CURRENT_TIMESTAMP,
  `USER_ID_` varchar(255) COLLATE utf8_bin DEFAULT NULL,
  `DATA_` longblob,
  `LOCK_OWNER_` varchar(255) COLLATE utf8_bin DEFAULT NULL,
  `LOCK_TIME_` timestamp NULL DEFAULT NULL,
  `IS_PROCESSED_` tinyint(4) DEFAULT '0',
  PRIMARY KEY (`LOG_NR_`)
) ENGINE=InnoDB DEFAULT CHARSET=utf8 COLLATE=utf8_bin;

-- ----------------------------
-- Records of act_evt_log
-- ----------------------------

-- ----------------------------
-- Table structure for act_ge_bytearray
-- ----------------------------
DROP TABLE IF EXISTS `act_ge_bytearray`;
CREATE TABLE `act_ge_bytearray` (
  `ID_` varchar(64) COLLATE utf8_bin NOT NULL DEFAULT '',
  `REV_` int(11) DEFAULT NULL,
  `NAME_` varchar(255) COLLATE utf8_bin DEFAULT NULL,
  `DEPLOYMENT_ID_` varchar(64) COLLATE utf8_bin DEFAULT NULL,
  `BYTES_` longblob,
  `GENERATED_` tinyint(4) DEFAULT NULL,
  PRIMARY KEY (`ID_`),
  KEY `ACT_FK_BYTEARR_DEPL` (`DEPLOYMENT_ID_`),
  CONSTRAINT `ACT_FK_BYTEARR_DEPL` FOREIGN KEY (`DEPLOYMENT_ID_`) REFERENCES `act_re_deployment` (`ID_`)
) ENGINE=InnoDB DEFAULT CHARSET=utf8 COLLATE=utf8_bin;

-- ----------------------------
-- Records of act_ge_bytearray
-- ----------------------------
INSERT INTO `act_ge_bytearray` VALUES ('5006', '4', 'source', null, 0x7B227265736F757263654964223A2235303035222C2270726F70657274696573223A7B2270726F636573735F6964223A226C65617665222C226E616D65223A22E8AFB7E58187E6B581E7A88B2DE699AEE9809AE8A1A8E58D95222C22646F63756D656E746174696F6E223A22E8AFB7E58187E6B581E7A88BE6BC94E7A4BA222C2270726F636573735F617574686F72223A22E4B880E58FAAE997B2E9B9BF222C2270726F636573735F76657273696F6E223A22222C2270726F636573735F6E616D657370616365223A22687474703A2F2F7777772E7869616E6C75746563682E636F6D222C22657865637574696F6E6C697374656E657273223A227B5C22657865637574696F6E4C697374656E6572735C223A5C225B5D5C227D222C226576656E746C697374656E657273223A227B5C226576656E744C697374656E6572735C223A5C225B5D5C227D222C227369676E616C646566696E6974696F6E73223A225C225B5D5C22222C226D657373616765646566696E6974696F6E73223A225C225B5D5C22222C226D65737361676573223A5B5D7D2C227374656E63696C223A7B226964223A2242504D4E4469616772616D227D2C226368696C64536861706573223A5B7B227265736F757263654964223A2273746172746576656E7431222C2270726F70657274696573223A7B226F766572726964656964223A2273746172746576656E7431222C226E616D65223A22E5BC80E5A78B222C22646F63756D656E746174696F6E223A22222C22657865637574696F6E6C697374656E657273223A7B22657865637574696F6E4C697374656E657273223A5B5D7D2C22696E69746961746F72223A226170706C79557365724964222C22666F726D6B6579646566696E6974696F6E223A22222C22666F726D70726F70657274696573223A22227D2C227374656E63696C223A7B226964223A2253746172744E6F6E654576656E74227D2C226368696C64536861706573223A5B5D2C226F7574676F696E67223A5B7B227265736F757263654964223A22666C6F7732227D5D2C22626F756E6473223A7B226C6F7765725269676874223A7B2278223A3132302C2279223A3132307D2C2275707065724C656674223A7B2278223A39302C2279223A39307D7D2C22646F636B657273223A5B5D7D2C7B227265736F757263654964223A22646570744C6561646572566572696679222C2270726F70657274696573223A7B226F766572726964656964223A227665726966792D31222C226E616D65223A22E983A8E997A8E9A286E5AFBCE5AEA1E689B9222C22646F63756D656E746174696F6E223A22222C226173796E6368726F6E6F7573646566696E6974696F6E223A66616C73652C226578636C7573697665646566696E6974696F6E223A747275652C22657865637574696F6E6C697374656E657273223A7B22657865637574696F6E4C697374656E657273223A5B5D7D2C226D756C7469696E7374616E63655F74797065223A224E6F6E65222C226D756C7469696E7374616E63655F63617264696E616C697479223A22222C226D756C7469696E7374616E63655F636F6C6C656374696F6E223A22222C226D756C7469696E7374616E63655F7661726961626C65223A22222C226D756C7469696E7374616E63655F636F6E646974696F6E223A22222C226973666F72636F6D70656E736174696F6E223A2266616C7365222C22757365727461736B61737369676E6D656E74223A7B2261737369676E6D656E74223A7B2274797065223A22737461746963222C2263616E64696461746547726F757073223A5B7B2276616C7565223A22646570744C6561646572222C222424686173684B6579223A22304C53227D5D7D7D2C22666F726D6B6579646566696E6974696F6E223A22222C2264756564617465646566696E6974696F6E223A22222C227072696F72697479646566696E6974696F6E223A22222C22666F726D70726F70657274696573223A22222C227461736B6C697374656E657273223A7B227461736B4C697374656E657273223A5B5D7D7D2C227374656E63696C223A7B226964223A22557365725461736B227D2C226368696C64536861706573223A5B5D2C226F7574676F696E67223A5B7B227265736F757263654964223A22666C6F7733227D5D2C22626F756E6473223A7B226C6F7765725269676874223A7B2278223A3238352C2279223A3133357D2C2275707065724C656674223A7B2278223A3138302C2279223A38307D7D2C22646F636B657273223A5B5D7D2C7B227265736F757263654964223A226578636C75736976656761746577617935222C2270726F70657274696573223A7B226F766572726964656964223A226578636C75736976656761746577617935222C226E616D65223A22222C22646F63756D656E746174696F6E223A22222C2273657175656E6365666C6F776F72646572223A22222C22657865637574696F6E6C697374656E657273223A7B22657865637574696F6E4C697374656E657273223A5B5D7D7D2C227374656E63696C223A7B226964223A224578636C757369766547617465776179227D2C226368696C64536861706573223A5B5D2C226F7574676F696E67223A5B7B227265736F757263654964223A22666C6F7734227D2C7B227265736F757263654964223A22666C6F7735227D5D2C22626F756E6473223A7B226C6F7765725269676874223A7B2278223A3338302C2279223A3132377D2C2275707065724C656674223A7B2278223A3334302C2279223A38377D7D2C22646F636B657273223A5B5D7D2C7B227265736F757263654964223A226D6F646966794170706C79222C2270726F70657274696573223A7B226F766572726964656964223A226D6F646966794170706C79222C226E616D65223A22E8B083E695B4E794B3E8AFB7222C22646F63756D656E746174696F6E223A22222C226173796E6368726F6E6F7573646566696E6974696F6E223A66616C73652C226578636C7573697665646566696E6974696F6E223A747275652C22657865637574696F6E6C697374656E657273223A7B22657865637574696F6E4C697374656E657273223A5B5D7D2C226D756C7469696E7374616E63655F74797065223A224E6F6E65222C226D756C7469696E7374616E63655F63617264696E616C697479223A22222C226D756C7469696E7374616E63655F636F6C6C656374696F6E223A22222C226D756C7469696E7374616E63655F7661726961626C65223A22222C226D756C7469696E7374616E63655F636F6E646974696F6E223A22222C226973666F72636F6D70656E736174696F6E223A2266616C7365222C22757365727461736B61737369676E6D656E74223A7B2261737369676E6D656E74223A7B2274797065223A22737461746963222C2261737369676E6565223A22247B6170706C795573657249647D227D7D2C22666F726D6B6579646566696E6974696F6E223A22222C2264756564617465646566696E6974696F6E223A22222C227072696F72697479646566696E6974696F6E223A22222C22666F726D70726F70657274696573223A22222C227461736B6C697374656E657273223A7B227461736B4C697374656E657273223A5B5D7D7D2C227374656E63696C223A7B226964223A22557365725461736B227D2C226368696C64536861706573223A5B5D2C226F7574676F696E67223A5B7B227265736F757263654964223A22666C6F773131227D5D2C22626F756E6473223A7B226C6F7765725269676874223A7B2278223A3431322E352C2279223A3235307D2C2275707065724C656674223A7B2278223A3330372E352C2279223A3139357D7D2C22646F636B657273223A5B5D7D2C7B227265736F757263654964223A226872566572696679222C2270726F70657274696573223A7B226F766572726964656964223A227665726966792D32222C226E616D65223A22E4BABAE4BA8BE5AEA1E689B9222C22646F63756D656E746174696F6E223A22222C226173796E6368726F6E6F7573646566696E6974696F6E223A66616C73652C226578636C7573697665646566696E6974696F6E223A747275652C22657865637574696F6E6C697374656E657273223A7B22657865637574696F6E4C697374656E657273223A5B5D7D2C226D756C7469696E7374616E63655F74797065223A224E6F6E65222C226D756C7469696E7374616E63655F63617264696E616C697479223A22222C226D756C7469696E7374616E63655F636F6C6C656374696F6E223A22222C226D756C7469696E7374616E63655F7661726961626C65223A22222C226D756C7469696E7374616E63655F636F6E646974696F6E223A22222C226973666F72636F6D70656E736174696F6E223A2266616C7365222C22757365727461736B61737369676E6D656E74223A7B2261737369676E6D656E74223A7B2274797065223A22737461746963222C2263616E64696461746547726F757073223A5B7B2276616C7565223A226872227D5D7D7D2C22666F726D6B6579646566696E6974696F6E223A22222C2264756564617465646566696E6974696F6E223A22222C227072696F72697479646566696E6974696F6E223A22222C22666F726D70726F70657274696573223A22222C227461736B6C697374656E657273223A7B227461736B4C697374656E657273223A5B5D7D7D2C227374656E63696C223A7B226964223A22557365725461736B227D2C226368696C64536861706573223A5B5D2C226F7574676F696E67223A5B7B227265736F757263654964223A22666C6F7736227D5D2C22626F756E6473223A7B226C6F7765725269676874223A7B2278223A3535332C2279223A3133357D2C2275707065724C656674223A7B2278223A3434382C2279223A38307D7D2C22646F636B657273223A5B5D7D2C7B227265736F757263654964223A226578636C75736976656761746577617936222C2270726F70657274696573223A7B226F766572726964656964223A226578636C75736976656761746577617936222C226E616D65223A22222C22646F63756D656E746174696F6E223A22222C2273657175656E6365666C6F776F72646572223A22222C22657865637574696F6E6C697374656E657273223A7B22657865637574696F6E4C697374656E657273223A5B5D7D7D2C227374656E63696C223A7B226964223A224578636C757369766547617465776179227D2C226368696C64536861706573223A5B5D2C226F7574676F696E67223A5B7B227265736F757263654964223A22666C6F7737227D2C7B227265736F757263654964223A22666C6F7739227D5D2C22626F756E6473223A7B226C6F7765725269676874223A7B2278223A3634302C2279223A3132377D2C2275707065724C656674223A7B2278223A3630302C2279223A38377D7D2C22646F636B657273223A5B5D7D2C7B227265736F757263654964223A227265706F72744261636B222C2270726F70657274696573223A7B226F766572726964656964223A227265706F72744261636B222C226E616D65223A22E99480E58187222C22646F63756D656E746174696F6E223A22222C226173796E6368726F6E6F7573646566696E6974696F6E223A66616C73652C226578636C7573697665646566696E6974696F6E223A747275652C22657865637574696F6E6C697374656E657273223A7B22657865637574696F6E4C697374656E657273223A5B5D7D2C226D756C7469696E7374616E63655F74797065223A224E6F6E65222C226D756C7469696E7374616E63655F63617264696E616C697479223A22222C226D756C7469696E7374616E63655F636F6C6C656374696F6E223A22222C226D756C7469696E7374616E63655F7661726961626C65223A22222C226D756C7469696E7374616E63655F636F6E646974696F6E223A22222C226973666F72636F6D70656E736174696F6E223A2266616C7365222C22757365727461736B61737369676E6D656E74223A7B2261737369676E6D656E74223A7B2274797065223A22737461746963222C2261737369676E6565223A22247B6170706C795573657249647D227D7D2C22666F726D6B6579646566696E6974696F6E223A22222C2264756564617465646566696E6974696F6E223A22222C227072696F72697479646566696E6974696F6E223A22222C22666F726D70726F70657274696573223A22222C227461736B6C697374656E657273223A7B227461736B4C697374656E657273223A5B7B226576656E74223A22636F6D706C657465222C2264656C656761746545787072657373696F6E223A22247B7265706F72744261636B456E6450726F636573736F727D227D5D7D7D2C227374656E63696C223A7B226964223A22557365725461736B227D2C226368696C64536861706573223A5B5D2C226F7574676F696E67223A5B7B227265736F757263654964223A22666C6F7738227D5D2C22626F756E6473223A7B226C6F7765725269676874223A7B2278223A3738352C2279223A3133357D2C2275707065724C656674223A7B2278223A3638302C2279223A38307D7D2C22646F636B657273223A5B5D7D2C7B227265736F757263654964223A22656E646576656E7431222C2270726F70657274696573223A7B226F766572726964656964223A22656E646576656E7431222C226E616D65223A22E7BB93E69D9F222C22646F63756D656E746174696F6E223A22222C22657865637574696F6E6C697374656E657273223A7B22657865637574696F6E4C697374656E657273223A5B5D7D7D2C227374656E63696C223A7B226964223A22456E644E6F6E654576656E74227D2C226368696C64536861706573223A5B5D2C226F7574676F696E67223A5B5D2C22626F756E6473223A7B226C6F7765725269676874223A7B2278223A3734362E352C2279223A3333347D2C2275707065724C656674223A7B2278223A3731382E352C2279223A3330367D7D2C22646F636B657273223A5B5D7D2C7B227265736F757263654964223A226578636C75736976656761746577617937222C2270726F70657274696573223A7B226F766572726964656964223A226578636C75736976656761746577617937222C226E616D65223A22222C22646F63756D656E746174696F6E223A22222C2273657175656E6365666C6F776F72646572223A22222C22657865637574696F6E6C697374656E657273223A7B22657865637574696F6E4C697374656E657273223A5B5D7D7D2C227374656E63696C223A7B226964223A224578636C757369766547617465776179227D2C226368696C64536861706573223A5B5D2C226F7574676F696E67223A5B7B227265736F757263654964223A22666C6F773130227D2C7B227265736F757263654964223A22666C6F773132227D5D2C22626F756E6473223A7B226C6F7765725269676874223A7B2278223A3338302C2279223A3334307D2C2275707065724C656674223A7B2278223A3334302C2279223A3330307D7D2C22646F636B657273223A5B5D7D2C7B227265736F757263654964223A22666C6F7732222C2270726F70657274696573223A7B226F766572726964656964223A22666C6F7732222C226E616D65223A22222C22646F63756D656E746174696F6E223A22222C22636F6E646974696F6E73657175656E6365666C6F77223A22222C22657865637574696F6E6C697374656E657273223A22222C2264656661756C74666C6F77223A2266616C7365227D2C227374656E63696C223A7B226964223A2253657175656E6365466C6F77227D2C226368696C64536861706573223A5B5D2C226F7574676F696E67223A5B7B227265736F757263654964223A22646570744C6561646572566572696679227D5D2C22626F756E6473223A7B226C6F7765725269676874223A7B2278223A3137392E37303333313731373833343332372C2279223A3130362E34363437373039323530363535357D2C2275707065724C656674223A7B2278223A3132302E39343132313430373136353637332C2279223A3130352E33313235373238323439333434357D7D2C22646F636B657273223A5B7B2278223A31352C2279223A31357D2C7B2278223A35322E352C2279223A32372E357D5D2C22746172676574223A7B227265736F757263654964223A22646570744C6561646572566572696679227D7D2C7B227265736F757263654964223A22666C6F7733222C2270726F70657274696573223A7B226F766572726964656964223A22666C6F7733222C226E616D65223A22222C22646F63756D656E746174696F6E223A22222C22636F6E646974696F6E73657175656E6365666C6F77223A22222C22657865637574696F6E6C697374656E657273223A22222C2264656661756C74666C6F77223A2266616C7365227D2C227374656E63696C223A7B226964223A2253657175656E6365466C6F77227D2C226368696C64536861706573223A5B5D2C226F7574676F696E67223A5B7B227265736F757263654964223A226578636C75736976656761746577617935227D5D2C22626F756E6473223A7B226C6F7765725269676874223A7B2278223A3334302E30373432323634333932363135372C2279223A3130372E32393239353334363135323635327D2C2275707065724C656674223A7B2278223A3238352E32393638363733313037333834332C2279223A3130372E30373831343032383834373334387D7D2C22646F636B657273223A5B7B2278223A35322E352C2279223A32372E357D2C7B2278223A32302C2279223A32307D5D2C22746172676574223A7B227265736F757263654964223A226578636C75736976656761746577617935227D7D2C7B227265736F757263654964223A22666C6F7736222C2270726F70657274696573223A7B226F766572726964656964223A22666C6F7736222C226E616D65223A22222C22646F63756D656E746174696F6E223A22222C22636F6E646974696F6E73657175656E6365666C6F77223A22222C22657865637574696F6E6C697374656E657273223A22222C2264656661756C74666C6F77223A2266616C7365227D2C227374656E63696C223A7B226964223A2253657175656E6365466C6F77227D2C226368696C64536861706573223A5B5D2C226F7574676F696E67223A5B7B227265736F757263654964223A226578636C75736976656761746577617936227D5D2C22626F756E6473223A7B226C6F7765725269676874223A7B2278223A3630302E333238313333373533323333332C2279223A3130372E3237373036353933363230367D2C2275707065724C656674223A7B2278223A3535332E373831323431323436373636372C2279223A3130372E3038323330393036333739347D7D2C22646F636B657273223A5B7B2278223A35322E352C2279223A32372E357D2C7B2278223A32302C2279223A32307D5D2C22746172676574223A7B227265736F757263654964223A226578636C75736976656761746577617936227D7D2C7B227265736F757263654964223A22666C6F773131222C2270726F70657274696573223A7B226F766572726964656964223A22666C6F773131222C226E616D65223A22222C22646F63756D656E746174696F6E223A22222C22636F6E646974696F6E73657175656E6365666C6F77223A22222C22657865637574696F6E6C697374656E657273223A22222C2264656661756C74666C6F77223A2266616C7365227D2C227374656E63696C223A7B226964223A2253657175656E6365466C6F77227D2C226368696C64536861706573223A5B5D2C226F7574676F696E67223A5B7B227265736F757263654964223A226578636C75736976656761746577617937227D5D2C22626F756E6473223A7B226C6F7765725269676874223A7B2278223A3336302C2279223A3239392E39353730333132357D2C2275707065724C656674223A7B2278223A3336302C2279223A3235302E3932313837357D7D2C22646F636B657273223A5B7B2278223A35322E352C2279223A32372E357D2C7B2278223A32302C2279223A32307D5D2C22746172676574223A7B227265736F757263654964223A226578636C75736976656761746577617937227D7D2C7B227265736F757263654964223A22666C6F7735222C2270726F70657274696573223A7B226F766572726964656964223A22666C6F7735222C226E616D65223A22E5908CE6848F222C22646F63756D656E746174696F6E223A22222C22636F6E646974696F6E73657175656E6365666C6F77223A22247B706173737D222C22657865637574696F6E6C697374656E657273223A22222C2264656661756C74666C6F77223A2266616C7365227D2C227374656E63696C223A7B226964223A2253657175656E6365466C6F77227D2C226368696C64536861706573223A5B5D2C226F7574676F696E67223A5B7B227265736F757263654964223A226872566572696679227D5D2C22626F756E6473223A7B226C6F7765725269676874223A7B2278223A3434372E393130313632353832313739382C2279223A3130372E33313238343735353336373332347D2C2275707065724C656674223A7B2278223A3337392E363630313439393137383230322C2279223A3130372E30363939363439343633323637367D7D2C22646F636B657273223A5B7B2278223A32302C2279223A32307D2C7B2278223A35322E352C2279223A32372E357D5D2C22746172676574223A7B227265736F757263654964223A226872566572696679227D7D2C7B227265736F757263654964223A22666C6F7738222C2270726F70657274696573223A7B226F766572726964656964223A22666C6F7738222C226E616D65223A22222C22646F63756D656E746174696F6E223A22222C22636F6E646974696F6E73657175656E6365666C6F77223A22222C22657865637574696F6E6C697374656E657273223A22222C2264656661756C74666C6F77223A2266616C7365227D2C227374656E63696C223A7B226964223A2253657175656E6365466C6F77227D2C226368696C64536861706573223A5B5D2C226F7574676F696E67223A5B7B227265736F757263654964223A22656E646576656E7431227D5D2C22626F756E6473223A7B226C6F7765725269676874223A7B2278223A3733322E352C2279223A3330392E303339303632357D2C2275707065724C656674223A7B2278223A3733322E352C2279223A3133352E303632357D7D2C22646F636B657273223A5B7B2278223A35322E352C2279223A32372E357D2C7B2278223A31342C2279223A31347D5D2C22746172676574223A7B227265736F757263654964223A22656E646576656E7431227D7D2C7B227265736F757263654964223A22666C6F7737222C2270726F70657274696573223A7B226F766572726964656964223A22666C6F7737222C226E616D65223A22E5908CE6848F222C22646F63756D656E746174696F6E223A22222C22636F6E646974696F6E73657175656E6365666C6F77223A22247B706173737D222C22657865637574696F6E6C697374656E657273223A22222C2264656661756C74666C6F77223A2266616C7365227D2C227374656E63696C223A7B226964223A2253657175656E6365466C6F77227D2C226368696C64536861706573223A5B5D2C226F7574676F696E67223A5B7B227265736F757263654964223A227265706F72744261636B227D5D2C22626F756E6473223A7B226C6F7765725269676874223A7B2278223A3637392E363434353431313236333936392C2279223A3130372E32363530383638343934353036357D2C2275707065724C656674223A7B2278223A3634302E333335393237363233363033312C2279223A3130372E30393033383139303035343933357D7D2C22646F636B657273223A5B7B2278223A32302C2279223A32307D2C7B2278223A35322E352C2279223A32372E357D5D2C22746172676574223A7B227265736F757263654964223A227265706F72744261636B227D7D2C7B227265736F757263654964223A22666C6F7739222C2270726F70657274696573223A7B226F766572726964656964223A22666C6F7739222C226E616D65223A22E4B88DE5908CE6848F222C22646F63756D656E746174696F6E223A22222C22636F6E646974696F6E73657175656E6365666C6F77223A22247B21706173737D222C22657865637574696F6E6C697374656E657273223A22222C2264656661756C74666C6F77223A2266616C7365227D2C227374656E63696C223A7B226964223A2253657175656E6365466C6F77227D2C226368696C64536861706573223A5B5D2C226F7574676F696E67223A5B7B227265736F757263654964223A226D6F646966794170706C79227D5D2C22626F756E6473223A7B226C6F7765725269676874223A7B2278223A3632302C2279223A3232322E357D2C2275707065724C656674223A7B2278223A3431322E3739363837352C2279223A3132362E39343932313837357D7D2C22646F636B657273223A5B7B2278223A32302C2279223A32307D2C7B2278223A3632302C2279223A3232322E357D2C7B2278223A35322E352C2279223A32372E357D5D2C22746172676574223A7B227265736F757263654964223A226D6F646966794170706C79227D7D2C7B227265736F757263654964223A22666C6F7734222C2270726F70657274696573223A7B226F766572726964656964223A22666C6F7734222C226E616D65223A22E4B88DE5908CE6848F222C22646F63756D656E746174696F6E223A22222C22636F6E646974696F6E73657175656E6365666C6F77223A22247B21706173737D222C22657865637574696F6E6C697374656E657273223A22222C2264656661756C74666C6F77223A2266616C7365227D2C227374656E63696C223A7B226964223A2253657175656E6365466C6F77227D2C226368696C64536861706573223A5B5D2C226F7574676F696E67223A5B7B227265736F757263654964223A226D6F646966794170706C79227D5D2C22626F756E6473223A7B226C6F7765725269676874223A7B2278223A3336302C2279223A3139342E343239363837357D2C2275707065724C656674223A7B2278223A3336302C2279223A3132362E39343932313837357D7D2C22646F636B657273223A5B7B2278223A32302C2279223A32307D2C7B2278223A35322E352C2279223A32372E357D5D2C22746172676574223A7B227265736F757263654964223A226D6F646966794170706C79227D7D2C7B227265736F757263654964223A22666C6F773130222C2270726F70657274696573223A7B226F766572726964656964223A22666C6F773130222C226E616D65223A22E9878DE696B0E794B3E8AFB7222C22646F63756D656E746174696F6E223A22222C22636F6E646974696F6E73657175656E6365666C6F77223A22247B72654170706C797D222C22657865637574696F6E6C697374656E657273223A22222C2264656661756C74666C6F77223A2266616C7365227D2C227374656E63696C223A7B226964223A2253657175656E6365466C6F77227D2C226368696C64536861706573223A5B5D2C226F7574676F696E67223A5B7B227265736F757263654964223A22646570744C6561646572566572696679227D5D2C22626F756E6473223A7B226C6F7765725269676874223A7B2278223A3334302C2279223A3332307D2C2275707065724C656674223A7B2278223A3233322C2279223A3133352E303632343937323331383435347D7D2C22646F636B657273223A5B7B2278223A32302C2279223A32307D2C7B2278223A3233322C2279223A3332307D2C7B2278223A35322E352C2279223A32372E357D5D2C22746172676574223A7B227265736F757263654964223A22646570744C6561646572566572696679227D7D2C7B227265736F757263654964223A22666C6F773132222C2270726F70657274696573223A7B226F766572726964656964223A22666C6F773132222C226E616D65223A22E7BB93E69D9FE6B581E7A88B222C22646F63756D656E746174696F6E223A22222C22636F6E646974696F6E73657175656E6365666C6F77223A22247B2172654170706C797D222C22657865637574696F6E6C697374656E657273223A22222C2264656661756C74666C6F77223A2266616C7365227D2C227374656E63696C223A7B226964223A2253657175656E6365466C6F77227D2C226368696C64536861706573223A5B5D2C226F7574676F696E67223A5B7B227265736F757263654964223A22656E646576656E7431227D5D2C22626F756E6473223A7B226C6F7765725269676874223A7B2278223A3732322E303431393932313837352C2279223A3332307D2C2275707065724C656674223A7B2278223A3337392E3931363031353632352C2279223A3332307D7D2C22646F636B657273223A5B7B2278223A32302C2279223A32307D2C7B2278223A31342C2279223A31347D5D2C22746172676574223A7B227265736F757263654964223A22656E646576656E7431227D7D5D2C22626F756E6473223A7B226C6F7765725269676874223A7B2278223A313230302C2279223A313035307D2C2275707065724C656674223A7B2278223A302C2279223A307D7D2C227374656E63696C736574223A7B2275726C223A227374656E63696C736574732F62706D6E322E302F62706D6E322E302E6A736F6E222C226E616D657370616365223A22687474703A2F2F62336D6E2E6F72672F7374656E63696C7365742F62706D6E322E3023227D2C227373657874656E73696F6E73223A5B5D7D, null);
INSERT INTO `act_ge_bytearray` VALUES ('5007', '2', 'source-extra', null, 0x89504E470D0A1A0A0000000D4948445200000343000001860806000000B97A5AC1000000206348524D00007A26000080840000FA00000080E8000075300000EA6000003A98000017709CBA513C0000000467414D410000B18E7CFB5193000000017352474200AECE1CE900000006624B474400FF00FF00FFA0BDA793000000097048597300000EC400000EC401952B0E1B000020004944415478DAEDDD077C1465FAC0F177D30BBD8308880D9022C5AE881E28364069892020B6F34445115454CAE9E91D4538D1BF054F01C58426A0A8B4530E5129D2410111424012249040022421C9FEDF6776264C9634C26EB29BFCBE9FCFCBB6D9CDF2CECE3BEFF3B6510A0000000000000000000000000000000000000000000000000000000000000000000000000000000000000000000000000000000000000000000000000000000000000000000000000000000000000000000000000000000000000000000000000000000000000000000000000000000000000000000000000000000000000000000000000000000000000000000000000000000000000000000000000000000000000000000000000000000000000000000000000000000000000000000000000000000000000000000000000000000000000000000000000000000000000000000000000000000000000000000000000000000000000000000000000000000000000000000000000000000000000000000000000000000000000000000000000000000000000000000000000000000000000000000000000000000000000000000000000000000000000000000000000000000000000000000000000000000000000000000000000000000000000000000000000000000000000000000000000000004045E5200B50DE399DCEB0BD7BF70E494B4BEB7FF2E4C9CB4F9C381196939343C678A34071389CA1A1A147424242D69E3E7D7AC28D37DEF81DB902CA0B505E80E393E39360082803BAD0FC6B5252D2C4F4F4F4887AF5EAA9AA55ABAACA952BAB80800032C70BE4A4A44F52EAF8F1E32A313131333B3BFBD753A74EF5BFFDF6DBB7913BA0BC00E505383E393E09868052121F1FBF60CF9E3DDD1B356AA41A346820AD1C644A293B78F0A08A8B8B3BE5743AA36FBDF5D685E408282F4079018E4F8E4F5F12C8EE45792D3875EADEBC797355BB766D0ACE3222AD76356AD408FEF3CF3FEFEADFBFFFD6193366EC2257407901CA0B707C727C120C015E225DE9717171C3A4E0AC52A5CA59AF67A41D5289BFCC5789BF2E54497BBF532793F7AAD0C83A2A28B40A99E705212121528086262626DED9AF5FBFAF3EFDF4D33FC915505E80F2021C9F1C9FBE80819628576472A58C2996AEF4820ACEFD1B3E5269493B554E76A672E664A993477F57F1EBFFA3D28FFF41067A496464A46AD2A4494E6060E05BE406282F4079018E4F8E4F8221C00B649519995C29638AF37374DFF72A2BF3C459CF4B419AB4770519E8450D1B36AC11141474E9B265CBAE25378A67D0A041D5C805CA0BCA0B54C4F280E393E39360082801596E53569929684CF1A9425A8BA49509DE55A74E9D447DD3939C28DA2BAFBCD25F570492C78E1D3B90DCA0BCA0BCA03CA868E501C727C727C110500272DD01596EB320CEECD305BFD9C9B50ABCAD56AD5A17E89B4EE444E1468D1A157DE0C081E977DC7187ACDEF3D1C8912307912B94179417940715A93CE0F8E4F82418024A402EC0262B9EC037E97D535FDF5C494E146CF8F0E13DE3E3E33F19326448C0800103D4D34F3F1D70E8D0A10F9F79E699FB4BE3FCA6535143719A14F25A27F333282F4079E1FFE58127CA84CE3A35E4F8E4F82418024A895C248C0BB0F97081E3DA3741E444FEA40538292969F6934F3E19D8AE5D3BE3B9366DDA48052830393979462954805AEAF4B14E836CA9B319E45869AADB7BAEB4BD564FA737CCFBAFEAD495F20294177E5B1E78A24CA855D23281E393E3936008F082E0F0EA05BE16144A0B14CA8ECC05D8BF7FFFA7D2026C557C2CAD5AB55243870E352A404F3CF1C4BD5EFE2A9B759A664BCB755AA1539A797BC06DFBDD3AADD2E92FE6B68FE8F4984EFFD069B13F9F2C292F40795068999055449970BB79FB804EFD6C6502C7277C0A2DB43EAA5FBF7E0DB3B2B27A54AF5EFDDECCCCCC2B74AAA61F87EA483C2B34343445A75F53535317E94D3F9B3973E60172AC786A34BA5E659EF8F3AC15680283C3558DC637924128B38A8FCC05902130D2F29B1F79FED9679F0D9C3871E2AC010306F49E31638637AF007EB772B5E8CA04D974F35C21BD3EDBDCB6EB6ABE2EE4A0EAA453259DBED24956196AA2D35D6665289DF202F0CBF24099C773985BFD5186BFFD5C4899704CA71BCDB2649F4E51CA35E4EE669DA2CFB74CE0F804C15039151D1DDDA34A952AAFE8A0E7B2D6AD5B87B66DDB36F8C20B2F948B5CA9B0B030959E9E1EA483A05AFBF7EFBF69CB962DD7AE5BB76ED4638F3DB6E7F8F1E3E36262623E25070B57A976731579F85775ECE086B39EAF5CE70A32086551F1E95754C5C7222DC2C3860D0B9E3061C2EC810307DE377DFAF4AFBCF4B51699814D9CF9B89972B5F0BA575EA495B7A519F4AC369F4B326F2F315F9F467901F87579A0CCE35B86C7ED361F37348FEFE2940989B63261AE4E93393E413084B344454535898888F8243232B2F5A04183AA482118181878D676121049AA5DBBB66AD7AE5DB0DE3678F3E6CDAD66CC98F1CE830F3E382C2D2DADF79C39737693A305CB3E7DEAACE7B23252C91894BAA14387F6D8BB77EFF4279F7CB2C88A8FBD02F4DC73CF858C1F3F7E7E747474B7989898C55EFA7AB264EA44F3FEED66909394CF76B5CCB4C8ED7909A6C2282F8072511E8827741A6E0642B2C4F73BCA357CB6CCCA048E4F780273867C40DFBE7DA37480B3A57BF7EE574D9A34A98A8C0FCE2F102A88149A13274EACD2A74F9FD6952A55DA3860C000AE4B928FCC13878D2B53A71DFEF5ACD74E1CF94DC5FF3CD5D806280DD2029C929232D73E39BAB8A402347CF8F0E0A0A0A0F9BAFCB8DBC35F2DC5BC3DA25C3D43928E998150412BC55DAEF24EA896D458B9E614505E00FE5B1ED8CB04B995C6D615CA35ECADCCCA048E4F100C95233A70E95EAD5AB5FF8C1C39B272B76EDD42CF250872D7B56BD780D1A347578A888878F7E1871F7E82DC3D43BAD1E3D77FA84E26EF2D709B9329FB54DCDA775572FC8FCAC9350AE0457201C5B8B8B81925A9F8D82B40C3860D0B0B090999E3E10A9055F1B9589D593D4A9AA90B1A49207300ACAB1F5EE2F639E99417805F9707F632418EF5FEB6C0A6B032E1583E65429A2782218E4F100C9523D223141E1EFED9ABAFBE1A71E9A5977AE4331B376EACFEFEF7BF870705058DA787C8D57AB47FE37495F0CBE7674DB2CC4F4E76A63AB4EB6BB57FC3C72A3D35811F29BC52F1910B28CA9C8092567C2CD22B3C7CF8706F558066A933AB47FD4BE53F1C461C302B45D24A2C730364A2F50A9DC6AA330B2A505E00FE5D1E88FFE8F4A9797CBF5F4499906E960969663920EF9121765D4B5A26707C8260A89C9139423A10FA60D8B0611132FFC793E4F35E78E185F0C0C0C0B7A3A3A39B55E47C969621E9323F57D2E2B46FDDFBFC50E1513214C6AAF814774E4051CC213261C1C1C1B3F5F1EEC9EBFAD8C7FBCB8A51568BAEBD65572A5C724D916A66A56791ED7D52019209D431941780DF9707C52D13BABA9509B16E65C28A9296091C9FF0161650282391919131DDBA750BF1548F903BE921EAD3A74FC4ECD9B3A5D0695B51F3595A864ACA9993C50F151E93DFE4E8949414F5F8E38F9FB5ED5B6FBDA5EC8D24274F9E540F3DF4D059DBBDF3CE3BC64A9352011A316244F8B871E3E6E90A50CFF39844DD50E53F8C459E93E12EEF2A572F914596C89D685680E4DA4219E6F33DCCF3CB02E56A0DA6BC00FCAF3C28AC4C10B2BADC68E5EA05B6FCC5AD4C10F5CCCF9024FFC17F707C8260A88293E5B3753074C51D77DC11EACDBF237388962C5972B1FE7BFDFD69D96DC99F848484452B56AC38EFD2AB59E7D7F8C1A1CC490BB059F1C93327A05AB56A46E567FAF4E9460547C855BDDF7BEF3D193E93BBDD071F7CA0828383D5E9D3A78DC7D5AB575777DD759751F1B198AB4A458C1F3F7EAE0CC19D356BD6A2127C5559F6B6A0793ED2CB73955BC5C80A74A615F2993BFC653F515E80F2A0D865829403B1E6EBE75A26ACE6F8842F61985C1990EB080D1C38B0B21466DE3678F0E0CADA8BFE943F4EA7737EDDBA75937501FEA974F3F7EEDDBB12BF1A9496A8A8A8972520EFD4A993471A8BCC0B28163839BA63C78EAA7EFDFAB98F73727294AE28A99F7F765DCB70E7CE9D6AEBD6ADB9159FA0A0202943A4B1E3ACCF9216E6112346C8AA52B1259C3350D48207593EB8BF3A796A5F0194079E2B133C9D7700C15039D1AF5FBF86BAB27FB9A7C60717455A877441D858E628F9533E391C8E4A3AF5D379F54D4040C07EFDFD3F96C068D0A041A576DD92C58B17ABACACE2D5FD0E1F3E6C6C5F5CF2B973E6CC719D69D2D3555A5A5A9EF4EEBBEFAAE4E4E4DCED7FFDF557F5BFFFFD4FAD5AB52A4FFAF8E38F55626262A17FEBC30F3F54999999456E237F436CDEBC39F7F9F8F8F88A7898BE2A0179BD7AF58EE8DFDD27E71390DBAF245FD8E4E8214386A8888888DCC7A74E9D32F6496A6AAA9A32654A6E2BB190ED1E7DF4D10297DF6FDDBA75885501F2C29C015FF49DAE3CEED5FBEA039D3AF8DB978F898939A7E3ECC71F7F544B972ECDF39C549839FEBD5B1ED4AD5BF728E541D995A5BE4C8E49FBF9DA7AAEA03AC1C18307D5D75F7F9D7BEE965BA90770DC110C5518BA12DCA343870E21E7B384F6B9BAF6DA6BE5EFF5F1D73CD341914CC41C2481912E3092CCC0C8EBAD4D528190A0441C3870C028BCA4C22005D58B2FBEA8FEFCF3CFDC6D653CF777DF7DA7162D5A646CFBC5175F1805A1A4BFFFFDEFEADB6FBFCDF3D9F3E6CD536BD7AE35EEFFF1C71FEAF8F1E36AE5CA95EA8D37DE309E7BE0810754E5CA9573B7DFB2658B7122BCFAEAABF3A4D5AB579F751294BF6F17191999DBAA58D036D2D278E185171AF79F79E699DCCAD38001030AAD6895735574EA2FBF3B9DC7FBCE35201F356A547471AF24AF2B0B46CB6E787878EE7352E1F9C73FFE61FC362CF29BB8EEBAEB54D3A64D0BFD3CA9000D1F3E3C408BF1D2AA523E45EF2399D7F0884EEBF47E3AACD3FBFED2633473E6CCB38E473B2977ACB24492044256454B920CA1EAD5AB57EE31CBF1EFB5F350655B79104F7950E2B234BE2C1A37BDE9CD37DF347AEAE458913A80D40D9292928CE3481A4A1F7BECB13CDB2F59B244858484A8071F7CD03886C78F1F6F1CA3522F90C7120CA374D17559CAAA57AF7EAF2E98824BE36F49EB839C34535252827501F4A42E80A4A9499A22D20BA850A4EB023FB1900A47927EBDA0A534A575E38027E6F91421D20C8C06496B932E5097E9C7D3434343574C9B36CD23D734912045C6605F7EF9E5465ABE7CB9F1FCA14387D435D75CA36AD6AC69147475EAD4319E9793D3975F7E69B4CE89860D1B1AC972E4C891B35A66A5C0D32747F5FCF3CF1B63C11312128C8274E8D0A1AA52A54A46C1A883E633AD1601016ADBB66D795A0B85BC4F2A3BD22A25DF59C4C6C6AA162D5A18EF11523057AD5A35B7954A7A98E4FFF0DC73CF193D54D22225B7BFFFFEBBF15D2FB8E002A3A0165241B23EA782AB61FDEE747E9DD0C7D21C7D2C2C2C686E9BAE78F4D441F327E77225F9FBEEBBCFD837D20A2CE4E42A81B7FE9B670AECA0205918A5589FA7FF6EF8B061C372264C98F099AE00DD7F1E7306FC8D5C04520EC647EBD6AD9BA8FFEF8B741ECED2C7C18A52289FCED9AE5DBB8C89F305B9F3CE3B8DE065CF9E3DC6B11816E6AA3F4A39919D9DAD9A376FAEFEFAD7BFE66ECFF15F3AA7725B7970529707B3290FBC9377BE4ECEFF728C6CD8B0C1D85F725C49206BCDF19A3B77AE7AEDB5D7CEAA63482024BDC2B2AD9CC7AFBCF24AE398160B172EE40823182ADF74A5F80A59E9AD344820242D0D26A99D8F2EA2E54B9DCFEBD29AA50BB6825EB6AE37905F9095A23F3BA504FFC59AFABDF207A3E484AE0BF8DD85B5B01697F4B8C85004F9BF488021AD34CB962D3386A459F93A7060DE4B38C990B57EFDFA15EBF365DB4E9D3AA98B2EBA4875E9D245BDF4D24BC698F0BFFDED6F6AFDFAF5C6366FBFFDB6D1C264D7B2654B75E38D37E6794E2A315210AF5BB74EDD76DB6D792A5016C913A9D4C8904921019EFC6D21F926419E0462F27F95E7E5FF29C1957D4E9B9C98FFF39FFFE4065C159C3D203FAA03F2A5F6805C5A80CD8ACF395D40517AF8F47B8C56C213274E58C746EEEB32B97AF0E0C16705C48569DBB66DE4881123D2C68D1B57D10222ABCC9255AC1ED6B70FEBC028551FD30BF5FD999E6C3C395F720CBB0FB17167F5EC74EEDCD9E84916527992DE6439BE6FBEF9E6B302288EFF5213612B0F92F56F6CA9FE8D4DA33C38E7BC3BAB2CF5879DFFD9679F291D60AA468D1A19E77519C5A1BFBBDAB1C3B56ECCADB7DE6A9C9FAD63527A8A76EFDE6DDC97FD2A01AE3C27C3E3E5BDD2904A6F2CC150450886AA4921561AAEBFFEFADC93ED175F7C91A30B9C57F5C3BA3A8515507108D3DBD42BE423A5C5B5B0F1BE0D0BF94DD532D3390759E750F1B944C6BBDF7FFFFDE7FD59D2DABA71E34663689AACDC631FC3BB7FFF7E09BC721F9F4BCBA9543E24F0D185BE1150C9AA41B202902C892A2D448F3CF2889A3A756AEE7C228B544CA442E47EE2939641D976DFBE7DB9C190B44CBDFEFAEBCA3AF1CAD0BE5AB56A1995A8B8B838A3254B9F108DD7A4254A92B404CBF7906DA422F4FDF7DF2B2B6897CF1A3972A4472A42D2A3262D68BAC230A69C1CD235EC01B9FEED1DD2BF95DAD2025C920B284A45552AADD272683F21CA6F4C4E92F6DEC2E26AD3A64D25FDBB4A79FFFDF7E7EADFDD5CFD7D7757C4B2D736CCA9BFD578229590323E1F18FBD43EF4A920BFFCF28BD12B64CDED91DE1EA93CB56EDD3ACF76BE7CFC5780F24232A9AFFE8DF5B5CA035D36D77EEAA9A77CAA3C183E7CF8511D10C5E8F260A10F950735DC1B37CBFAF82C8AEC1399EFF3D1471F19FB497A57E518BAE79E7B54DDBA7573EB0BF3E7CFCF0D8666CF9E6D341C1BAD6A91914610250DA1721C5ACFDB570E04C150B9A40393506B9883B73568D0C0184B2E162E5C18101B1B5B6627145DE8D6D2055DBE81942ED8ABE942C51E217E57C2CACE9EB66DDB363D9FEF29E3B26538DA65975D663C962126D242272D3B328444C81013FBB0B47321C195CC071237DC7083F1F7EC27C982263AF7E8D1C3087CA4F5C822C3F7246893565F7B4BB09042592A3042BAE0A545590A5BE99592C0C94EFE8FB2BDB470F5EFDFDFF87F75EBD62DF7BDBA127D4EAD8F85914A960499AA885E4A7FA57FC77525AFCEE74AF2B20FD6AC5993E7396911BEF7DE7BCFA75259CDFC9C7E0AB98D2752C9ECD9B367997D07994B2843DAA4C14A8E436BE8AD3B3967484F903B39F6A567C79DAF1EFF15ADBC90F2402ABCBE561EE8DF528D0B2EB8E0F8810307FA717C969C346C8E1933C6580E5D8E373947CB9C3B394F5B8B2F4960671D3F12DC49802B01BE909E21591D500228798F344A4880252351264D9A44214D30548E333C2828431F1CA516105907A30E38CA742C6E4C4C8C0C934B2ACEB6850CB5733F21C8F0BAE5E6B097C5D2AD3E78F060E7F97C4F29B4A4A5F5D34F3FCD9DF72363ED6502A4D57A2B158B71E3C6E5B6AE9E0B59684186AD48E5C31A572C43E56CBF8FB3DE630540D2056F272DC5326CEEE8D1A3C6B03E29946D4177EE1C0109EEA48223BF39B96F5FB6552A4752D991D7A547CDBDD223DB7AB22274D34D371995315DC119EBC38769712A5ED2D39AA37F7B416E81FD617D82ABB979F3E6125F515E2AA5D25B6A1F12232DC1328E5C2ACE25A1037839F62AEBCF2D8F3D4325AA284B3EE84AE12565F9C5FFFBDFFF1ABDC4D2222C0B21C83CC2FCD8974DB61A4CE43909A6246099356B569EDE6A5F3DFEFDB4BC28EEEF2B5BA7407F280F747E1ED215F04839777AB93C2871102B8D9BFAF86CEACB058F2C6021C34AA5F7471636919E5AAB8E60CDFF91F3B72CAE649DDFE535992B242450B6E626CBB12C43EA6478FC2DB7DC42659960A87CD3917F8A56D7EA0E2D0DD21B111C1C9CEA8FF9A50B6AA723EF383A890CE42C3F2B3C3C7CB90E8052BCF1776575A5871F7ED8B82FC3D0EC57FF16D29A232D3825995C2C3D76126849EF9274914BA546FE865472A470346ADAB6211112F4346BD6CC58814602226B8521B995A13232CEBF7DFBF6EE41776E05CADE322CC9DE322CC194A4A79F7EBAD0EF2C2D5AEE795012325C475A499F7FFEF931BEFA9BD3C1784127F01CB3C223932902F4CF3220BF807CE4C8917D264D9A145392A131F2BB9213AAFB987199282FFBCD7D618DE2567CA64E9D1AAEBF6BAFD8D8D8723767A890FD7556E3893E5EA5ECC89D93A08F7167597D6F39FEA565D9FA8D48CFF36FBFFDA62EBDF4D2DC6D6478EEA64D9B7217341056ABB23C27AFC9E7482FB3FD18F5D5E3DF1FCB8BC27E5FFA3795656B1009F497F260FCF8F1E1FA33A3BD3D67A888BCCB736EF746E3A6B7494FAE2C84203D58324CFDEEBBEF368E2519B5613578DB97CC761F4D22BDBAD268218DA3326244DEF7CD37DF188D9B20182AEFC1D0765D88956A3024AD16BAE2BCC31FF3CB2C2C250092AB5C7FA50B9845DE9E5859588023BD3A3FFCF08351789594B564B78CD1B72A2132CE5F16BB909650F9EC7FFFFBDFB9DBCB820E4286EE49CBB1B5DCB73E6118C193D5026527C3E7F26B1996CA97B442154586CEC8FC028B7D02680573DAEC010A55AE4B1104141590BFFEFAEBB3870E1D9AA94F6873F56D60715B84A582230B67D88742DA5B848F1D3B66B4424A6B70715BEB7565E9D09B6FBE29159F7E156DF1045392CEBF05FA989E979898B8DC9756AB7AF9E597D5BFFEF5AFDCC7B2904AF7EEDD8D167F6BB89C349648924A920423721C5B8BC4C8EF407E13B2FA9B35AC8DE3DFEB242A91DF5088797C06511E149F3D00B29DDBBDDEB8592A3F0C1DB05AD7E82AA867C89DCC2BB2F7FA4A202473BD59C19160A8DC4B4E4E9EBF65CB969BAEB9E69AE0D2FA9BDBB76F3F9D9A9ABAC09FF2495A89F4CD0A5D2858ADB8A55A484AAB9B5599B08FC9971E1D794D2615175560C9C44AA98848EBED5FFEF297DCE7A552F2D0430F191518E90E97CA8ECC43921640B9CE905CA3487A8A264F9E6C3C6F9193E8EDB7DF6E4C8896C9CD855D6C55822B8BBD65389FDFA3316ED96ABD92025DBEAF0466320E5A7A15AD20505AA4CF67ECBB9F0A36CFDDE71490EB7DB740577C7AE9DBB9C55D45EAF3CF3FCF7331455934437A1165897CEB6AF3722B1370070D1A54E4E7EDDAB52B61D2A44961153010920343CABB597A5FADF6C555A964A95D6909BEF8E28B739F9300E8D5575F95EBC219C3677BF7EE9D7BCCCAF16BF5444B6023BF0D2937AC39061CFFA526C00C84280F4AA02C1A374B833470CAB0F97FFEF39F67BD66DF87F6C0C99D0452D2B829ABD54AA3487EC72B0886CA4F8607052DF8F9E79FFF3978F0E0E0D2BAF0EAEAD5AB33B3B3B367FB4B1EE9F2F2015D48CE2DAB42520A2A99B469B5D8B8073DEEADB0191919792A3516E9FD93D63B69551D3D3AEF68812A55AA18BD3CF2BAB4FA4AEB9175C155F97C19E622CFDBE70108594841B67DEBADB7D48A152B0A9C636027274C99A0995F8BB054AC6492B20CCFB10A5F69ADB65A81E5FA25D2FA28BD50D645192B8AF30DC8A502F4C4134FF4D6FB6AD6534F3D155C580548025B09BEED274E190629BD052FBCF082312F4C48E5542EB4DBB163C7422FB4284361264C985055164CA8208190CC7B900B82FD47E7E5265FBD5E89F4B8486547020D7B438745821639DE64C2BC55E1B5C8712F41CAD8B163D5575F7D955BC670FC531EF87A7950D68D9BDE26F505D907D24327F5056BEEAF345CCAF2E8CF3EFB6C9EEDADC515645B19822A750469D8900BB4CB7B64FE9E2CA95E9C5E5C78A8DE491694BEC71E7B6CFDA38F3EDAAE345AD964EECBDB6FBFFDCB071F7C704545C8DB65CB9639A550F20629C0F25BE0E07C03AF827A984A3A2729BF562BFB9C83B226D746E9D2A58BCF963D5151512FEB803C4E9FB43D1290F7E9D3A7B30EEEBF7AFAE9A7430A3AE665F10B191E699D24E5A42A17F1958BFCCAC95116ECB05AEF655FCAF00A099EF36B50B1E604E8BB036362621694F7635EEFAF4EBAF2B8AA24019037CB0B6F36D69C4BB9E06BC7BFBF95179407659777E5F5F894F981D21822DB4AF274BD82F3F9B963606219387EFCF8ABD3A74F4F9531C1DEA60BA0E3A9A9A96F90EBE7CF1B05566185A6A7C60DFB7345A82CC4C6C6BEA62B0D9F7AAA6772F6ECD9CB4F9F3EDD7DCA9429E9D6E4773B59D14B862159151F21C320A5E22364FE87AC7068FD1EA4722B439B64F522773227C09C1CDDAF220442E6FE5AE18F57AEF74699C1F14F79E04BE581A7F3AEBC1C9F56AFB0BD17090443158E144A3A40D9F1D5575F6578F3EF2C5EBC38273939794F4242422CB90E94E931BF382323E3DEC99327A75B936C454A4A8A71C15DEB0AF3166905B693A5DDEDE3CC6598CC8C19337287CB08690196C9D1FA6EDF0ABA580240794079009C3342D23272EAD4A93EF3E7CFDFD2BC79F350FB52AA9E2293FC67CF9E7D323D3D3DBA22B59A02BE5C01EAD3A7CF3D13274EFC72E8D0A1613244A65AB56AB9D79C288C0C93296C3B6B9528A9F8C8DF21B701CA03CA03A078E8192A23B1B1B1713A207A5417842765029D27C9E7FDF39FFF3C959D9D3D4417843BC86DC037C810998C8C8C7BA44578FDFAF51E19272B159F49932685984361A8F8009407940700C1907F98356B566C5A5ADA93AFBCF2CA4959CDC713A44768D4A8513ACE3AF5CF1933664C2797019FAD00659C6F05C81A0A939D9D3D80A13000E501E5014030E47766CE9CF9514A4ACA43AFBDF6DA892FBFFC32EB7C165590394263C78E4D4B4D4D1D327DFAF4BF93BB80EF5680F4B1DE532A409B366D2AD1416F4D8E56CC0900280F280F0082217F263D449999992D172E5CF8F3B3CF3E9B6A9F50591CB27CF68811238ECD9933676B7A7AFA55126091AB806F93212C52019A3061820C91C93C97F7DA2747331406A03CA03C004A8E05147C84CC21D237D7454545F57AF7DD775F743A9D9777E8D021A46DDBB6C10D1B3634265686858519D716900BADC955A8B76CD9725A2EA89A9595B5EFF8F1E3E31313133F65B104C0BF2A407DFAF4E93169D2A405CF3CF38C6ADFBE7D91EB205BD70D31AF244FC507A03CA03C000886CA55503457DFCCEDD7AF5FC3EFBEFBAE972EE8BAEB00A865464646355DD80505040464050707A7464444EC3C71E2C4C2CCCCCC58339002E08764888C5480DE7CF3CDF9BA0274BA43870E91056DBB6BD7AE04B992BCBEDB8FA13000E501E5014030546ECD9C39F380BE996C2600E5BC02141D1DDD7BD2A449F3860D1B76BC5DBB7655DCB73157890A733A9D15E682AA00E501E501E06DCC19F25D97E97483DB7343756A667B7C8DF91C003F274364B2B2B2BA4F9C38D1B16EDDBAE3F6D7ECAB4451F101280F280F00CFA167A86CDDA453659D6ED52959CA389DC2741AACD3FFE994EAB67D1B95B7A7A89BB91D8072C01C2273DFE4C9933F1F3468D031AD6ACD9A3593A64E9D6ACD0960280C40794079EE30EA96000020004944415400100C951BDF9BB735754AD069B94E95CCE0E86BDB7617E8D456A7863ADDA953139D62CCF7FCA1535733985A53D133342020C0A94F120E7DCBAFCB07E97DB3CFFC3DA3880AD0471F7D6455742A3B9DCE5E547C282F282F280F2A5279C0F1C9F1596ABF3576A74FB35692918067B74EB13AADD0A9914EE3CCE7EE34F7E3C72AEF10BA0A292C2CEC4F596D0FBE293939799BBED9444E145D0172381CB2988A925B0221CA0BCA0BCA838A561E707C727C96167A86CA4E0B9D9A4A70AD5CC3DF1A99C18F0C936B620639DD751AA35C3D409D759AA75CBD463F9AEFCDD0E9079DE49A0447CC54A1050707AF3A76EC58CFAA55ABF20BF34189898932F6FD5772A2684EA773B7FD1694179417940715A93CE0F8E4F82C2DF40C959D5F7492D61D190E77C00C74E4FE529DE2CCFB8F998190A86DDEBF4EB97A877E52AEF9469DCDC04982A4C3153D53D3D3D3C72524249CD6270C7E61BE27EEE8D1A36DCCDF3A407901CA0B707C727C120CC170854E3B8AD8467A906475B93A3A49342EABCD259B4193A4A664A3521D3B765CAB0BCE2D72515AF8966DDBB62DD3FBE660972E5D56931BA0BC00E505383E393E098620AAEB549C237DAC4EED75BA50A7ABC8B682A5A7A7F78F8B8B3B79FCF87132C347A4A4A42C3C7AF4E83D393939CF901BA0BC00E505383E393E0986607954A77F15633B19262757A2EEA1D3CDE673D72BD7103949CCFF32DD7EFBED3BF441DA7DFBF6EDC728407DA3E0DCBA756B2B87C3F188DE37DBC811505E80F2021C9F1C9F0443A8690631FFD6E9A4ED79097876E51308C95CA137744AD769824EC7745AA8CE0C935B4F969ED1B973E7E5595959BD366FDE7C3C3E3EFE28638ECB44DCB66DDBA66ED9B2452E0EFCB4DE27AC8806CA0B505E80E393E3D3A704B27FCBCC299D7ED329CBEDF913EAECEB0549B0B4D3ED39799C647BBC962CCD6BC68C197BFAF5EBB7E0D8B1636D0E1E3C58253D3D7D57404080233434B492C3E1F0F9EFBF67CF1EF5FEFBEFAB1A356AA8DAB56BFB459ECB75078E1E3DFAC3DEBD7BD7EFDCB9B3E6A953A782E4E280B7DD76DBAA0AFC53FC59A70FF279FEB0D9A091EF2A902D5BB6ECA46F24FD4F9F84567044535E943715B4BCA03CA880C7675252925AB26489712E8F8888E0F8F43194F0A810962E5D7AA52E307B9A27930ECAB584B94FFBFCF3CF651D7F25CB8AF6EAD5CB5FB25A827BB9EE809CACE755F0C9CF329CF57F3A3DA05C174916D21B2F435A5FD7E959E55A18255F51515163F4CD689DC6C6C6C68EE128A6BC28872A5279417950818FCF0D1B36A88D1B37AAB66DDBAA76EDDA717C120C0128CAA04183C2D2D3D34F598FC3C2C2C2A74D9B964ECEF815B910F283CAB5D2E35F956BA8AB9025F2FBE87493722D893F96CA0F40794079507EB1FF7C1B7386001FA403A16BED8F3332323A912B7E67BC3A7375EEF774EA66A617CCE7BE57AEEB8401A03CA03C00088600D80C2CE2317C9F2C9272A5CAFF1A60D24A2CCBE4E7904D00E501E50140300420AF6EF6073939395D3B75EAC4F2E9FE43567CB4F6D71EB7D72ED1E9439DF6934D00E501E501403004C0263A3AFA467D53C3FE9CC3E1A856A74E9D4EE48EDF784EA77D3AFD90CF6BBB956B697CB9E072085905501E501E0065879666C0C7389DCEBEF93DAF0322797E3939E4576E50AE6131B2966A4DF3B90B6C959F1E64114079407900941D7A8600DF0B86BA16100CDD2DABCC91437EA392DB63B98658AA72B504CB5019B9AEC821B209A03CA03C00CA0E3D43800F898A8AEAA45C63C8F353CF5C656E0539E517B6D82A415BF2795D5A815BE93487AC02280F280F008221A0C2733A9DDD8BB89A765F8221BFAD04B95B40D6009407940740D962981CE043CC794185E9C1AA720000009E41A50AF011F7DF7FFF95393939F58BD8AC9E26D7AAF8991CF369B21F671763BB4774DA4176019407940700C11050A16567670F2C62889CE52182219F97A0D3E33AC515B24D559D7E53AE39045C6C11A03CA03C00CA00C3E400DF717731B7EBC25039BF202B455DAF533D9DD2DCCA5D799CAED3C5547C00CA03CA03806008A8D0FAF6ED7BADC3E1B8A4989B5F5CAF5EBD1BC935BFB0D4ACDCDCAC53479DDAEA34C57CED8872B51803A03CA03C00CA08ADCB800F98356BD66A7D93678C5C5454D4187D335AA7B1B1B1B163C825BFF68B4EA794AB05F861B203A03CA03C007C033D43000000002A247A8600C0FBAAEBB44CA72C9D6435C0793A7D41B6009407940700C1100094675574DA64567A00501E501E0004430050EEC9E4E8EAE6FDC22A3E9BC82A80F280F20020180280F2648B4ED9456C134A36019407940700C1100094377BC802009407806F63353900000000044300008FE8AB53CB7C9EFF41A7EFC81E80F280F200F00D0C930300CF9BA55353B7E726EBF4B64E31640F4079407900100C01404521AB472DD269395901501E501E00BE83617200E07DF5A8F800A03C007C0F3D4300E01D8B757A40A7663AAD316FED02CC32780B5905501E501E0065839E2100F08E5E3A75D3699A4E35CD8A8E9542740A575C5704A03CA03C00CA143D4300E01D693ABDA4D368E59A1FF09E4E0BC81680F280F200F01DF40C01807765E9D455A7E63A45931D00E501E5014030040015CD1B3A55D6A9055901501E501E00044300509ED5CEE7B90F74EA44D6009407940700C1100094676B0A78FEFFC81A80F280F2002018020000000082210000000020180200000000822100000000201802000000008221000000002018020000000082210000000020180200000000822100000000104164010094ADBE7DFBBEE07038DE28E0E5D1515151A3ED4FC4C6C63AC8350000CE1F3D430050D6057140C02672010000822100A87062626216EB9BE3C5DCFC0039060000C110009427738B783D53FE713A9D8BC92A0000088600A0DCC8C9C9892962936CF9C7E170CC24B7000020180280722322226295BE395AC826E13A25252626AE22B70000201802807263DAB469E9FAE6ABFC5E733A9D59E6ED82152B5664915B0000100C014079F35101CFE718057640C03CB20800008221002877CC217027DC9F77381C21FAE6404242C272720900008221002877CC21701FBB3D6D2C9C20ABC831440E000082210028B774D0B3C4EDB1D3BCFB5F7207000082210028B70E1D3AB458C73F87ADC70E872348DF24E5E4E42C2277000020180280724B86C2E900C8FDC2AA8BE7CC999346EE000040300400E55D9E55E57470C42A720000100C0140F9171616B6DAFE3834347405B9020000C11000947B720156A7D3B953EE3B1C8E3DFA710AB9020080E705910500CAB36DDBB6F5CACCCC7C3C2323A3FDC99327ABE6E4E4F8C5F74E4A4A526BD7AE55EDDBB76F3A78F060A7AF7F5F1DB4A9F0F0F0549DB6060707BFD7AA55AB4FF8F50100088600A00C6CD8B0E1BAF4F4F4D8E4E4E40BEBD5ABE768D8B0A1AA5CB9B20A08F09F0EF1FBEEBBCF6FBEAB0499696969958F1F3F7EFDA14387AEFFF1C71F5FD741D103575D75D50A7E8D00005FC5303900E5CEC68D1B1FD695F2553A086AA42BE38E468D1AA9AA55ABFA5520E47727139DB755AA54511274B66FDF5ED5AF5FBFE1891327FEBB69D3A667C81D0000C11000945220949696F6DE15575C1170C1051718C3B750FA1A3468A05AB76E1D909A9A3A61FDFAF54F90230000822100F0A2254B96343B76ECD8FF356BD62C507A29DC399D39EA48DC4AF5FB0F6FAA1DCB5F56BBBF1FA78EEC5DA19C3959649E174446462A094A754034E9DB6FBF6D438E0000088600C04B222222E6346AD42838BF40481CDAF1853ABC7BA93A7DEAA8F1382BE3B83AFCFB7295F8EB0232CF8B0151E3C68D83B559E4060080600800BC60E9D2A5573A9DCECB6478567E24003A767043BEAF1D4BD8A4D25313C8442F917D12101070D1B265CBAE25370000044300E061A1A1A10FD5AF5F3FA4A03942A78E1D3086C9152423ED1099E845F5EAD50BD1FB6830390100201802000FD341D0EDB2625C418A9C17E4CC2113BD48862E3A9DCE2EE40400806008003C2C3333F322B98E107C53A54A95641F3522270000044300E0614EA73388EB08F9F0C9C6B56FD8410000822100286DC1E1D50B7D3D28945E250000088600A01C0AAFD65855AA7579BEAF45D4B8D8781D0000100C0140B9E37004A8BACDEEC9F7B5FA2DEE5501812164120000044300503E65679EC8F7F9AC8C5432070000822100289F8EEE5BA5F66F9C96EF6BFB377CAC8EC4AD24930000A86082C80200E5D9E9F4147568C7972A2D696781DBE46467AAC3BB97AA13477E53F59A75532191B5C9380000088600C07F251F58AB927E5FA6B24F9F2AD6F62793F7AAB8B5EFAA5A4D6F55D51B5D6FCC33020000044300E0576458DC9FBF2D3EE7F7492F91BCCFE9CC51359B742423010028C768F604502E4950733E9C395964220000E51C3D4300CA2519EA26090000A020F40C01007C5A9F3E7D3A474545BD4C4E0000088600C087646666AADF7FFFDDB89F9393632477C78F1F3FEBB90F3FFC501D3C7830F7F1840913D49F7FFE59E4DF5BBD7AB55AB0604181AF272626AAB4B4B4B39E7FFEF9E7FD264F3B75EA1464064053743A1C1010B04C3FFD2ABF360080A7314C0E00CE43484888FAE8A38FD4BDF7DEABAEBCF24AA52BEFEAE1871F565F7FFDB5BAE69A6B54CD9A35D5A44993D492254B8CED57AE5CA99A3469A2D6AC59A36EBEF966357DFA7475EDB5D7AAEDDBB7AB888808239059B870A1EAD7AF5FBE7F2F2525459D3E7DBAC0EF53AB562DD5A3470FB568D122B56AD5AADCC068FDFAF56AF1E2C52A2B2B4BFDF0C30FEA8D37DEF0B900A87EFDFAD73A9DCE87F4C3CE3A35E4D70500201802001F3774E850A397272828485D70C105AA6BD7AEEACB2FBF346E03020254C38667EAF575EBD6555BB66C51870F1F563B77EE348215E95DAA57AF9EDAB469937AF5D557D52BAFBCA28E1C3962045262E0C0812A3A3ADAB8FFF3CF3FAB53A74EA9CA952B1B8F25D0FAE4934F549D3A755C85BAFE0E120C890E1D3AA8B0B030E3FECC99338DEF230192FC0D5FA1FF5F5D7372726ED77707E940A89AF5BCBEEF7468FCBA0000044300E0C38E1E3DAADAB46993FB5886B1FDF1C71F46EFCF45175D9467DBBD7BF71A014BE3C68DD56DB7DDA6DE7DF75DB56BD72EA397E8EAABAF3602A71B6FBC31CF7B64E89D043296D4D4D4DCC712E4588190457AA72CF3E6CD539191912A2121C1E8191249494946F05516060D1A14969E9E7EADC4783A75D6314FC3FC621E02210000C11000F83099E3237378A64C99A23EFEF8632390911E1FE90D921E19E9F1B102108B0CAB3B79F2A45AB16285911A3468A0BA74E962BC4782A37FFFFBDFF9FE1DEB73DC7B86648E9045E62E496FD3E8D1A38D9EA965CB96A9DAB56B1BAFD983B57FFDEB5FEAE5975FCEED792A0D7BF6EC3102331D089D2AE967E8206F0CBF3A5450A3C902806008007C8AF4C874EBD6CD98E3630D8593E043E600C9F31218C990B5871E7A28F73DB7DE7AAB7AEDB5D754F3E6CD8D1EA25F7FFD55F5EEDD5B7DF0C1074630346DDA34F5E28B2FE6E9ED91FB85F50C592EBEF86223C5C4C4183D3F0F3CF0807AEFBDF78C394A12700919A2376AD42855BD7AF552CDAB3973E618F39DA8100200088600A0BC16AA3AC091393FB2A0C2DB6FBF6DF41859A48767C3860DEAD9679F559F7EFAA9EAD8B1A3D15324BD3EF7DF7FBFB18DAC2AF7D24B2F19F37A3C31944D86EA0D1E3C38F7F1AC59B34A3D101212F04D9E3C591D3B76EC7C3E662CBF305470D3C802806008007C920C616BD7AE9DB14881F4DC488F91354C4D583D3C4B972E554D9B363556965BBB76AD0C1D338222210192CC19B21E0BFB7C1FF76172052DC72DF38CB66EDD6AF422C9DFB02427279749DEC8FFB757AF5ED293159E9191D1C9E974CA7279B26A5CB123BED8D8D831FCCA0000044300E04324F090DE1C09845AB66C690443F1F1F1056E2FC3E19E7EFA69F58F7FFCC39857F4FDF7DF1BB7B29A5CF7EEDDF3044262C68C19C6DC228B7D989C7C96BB13274EA8D75F7F5DBDF0C20BC652DAF6EB0EC9E3B2346DDAB4747D2391DD62594C41077612107577381CB2EA43257E4D0000822100F023726D9FC71F7F5C7DF6D967AA67CF9E4660247388DE79E79D02DF23014AA54AAEBABF5C9F48821B2BC091DE1EFB9C217B20E44E165E70278B28C8903419B2278B24D8E71BC9DC1D5F6106468B2475EAD4E9F1FAF5EBCBEA727D75EAA183A36AFCB20000044300E0E3C68F1F6F2C997DD75D77198FADC514647E90AC3427C18E452EC62A018C2CAD2D43DF64089C5C44D51A06278B2EECD8B1C3E835CA8FF442492ACCBA75EB8C0BB8DA4980252BD5C9E7FBA2152B56489795D563F4F8C993276FD4F92443E9EE9678935F1900806008007C94FBF584845CF474FAF4E9799EBBF3CE3B8D5B7B6FCDB9E8DCB9F359C3E8DCD903A1F7DF7FDFB8959EA682022C5F63F6182D97D4A953A7A0FAF5EBDFED743A5BF22B0300100C0140055654207456211FE4DFC5BCD963B4C04C000078540059000000008060080000000008860000000080600800000000088600000000806008000000000886000000008060080000000008860000000080600800000000088600000000806008004AC4E1709CCEC9C921237C94B96FD8410000822100F078611610B0393535958CF051696969B28FB693130000822100F0B0ECECECC5478E1C39444EF8A6E4E4E4A49C9C9C25E40400806008003CCCE974CE4B4C4C0CD2B764860F3A78F0E0697D338F9C0000100C018087DD76DB6D9BB2B2B2D6C5C7C7EF27377C8BDE27F1A74F9FFEA54B972EABC90D0000C1100078414E4ECE33BADE1D7EECD8B11472C337A4A5A59DDCB76F5F84DE3743C90D0000C1100078C9EDB7DFBE43DF446FDBB62D55074447C891320F8492376FDE7C54DF7D50EF9B6DE4080080600800BCA873E7CECB73727206EB4AB863F7EEDDDF3387A86CECD9B3E7C70D1B36C872E78FEB7DB2881C0100100C0140E90544371C3C78F0C40F3FFC70F0D75F7F5D76E4C8914DFAB9747FF93F242525A9F9F3E71BB7FE40F236252565C3CE9D3B97E93CDF7DE0C08193FAB9BF100801007C59105900A03C3287CCDDB174E9D22B0F1F3EDC53A74EFEF4FD376CD8A0366EDCA8F6EDDBA7DAB56BE72FE713B9A8EA669D46B158020080600800CA98AC32A76F36F9DBF78E8A8A1AA36F46EB8068ECF3CF3F3F863D090080E7314C0E00000000C11000000000100C0100000000C11000000000100C0100000000C11000000000100C0100000000C11000000000100C0100000000C11000000000100C0100000000C11000000000100C0100000000C11000000000100C0100000000C11000000000100C0100000000C11000000000100C0100000000C11000000000822100000000201802000000008221000000002018020000000082210000000020180200000000822100000000201802000000008221000000002018020000000082210000000020180200000080D21044160040D9EADBB7EF0B0E87E38D025E1E1D151535DAFE446C6CAC835C0300E0FCD1330400655D1007046C22170000201802800A27262666B1BE3951CCCD0F90630000100C0140B9E1743A177B723B000040300400FE120CBD57C4EB5972EB703866925B0000100C0140B9111111B14ADFA415F4BA0E8264C19BA4C4C4C455E4160000044300506E4C9B362D5DDF2C2D6C1BA7D3B960C58A1559E416000004430050DE4C29E0F91CA3C00E08984716010040300400E58E39042EBD80B2FA404242C272720900008221002877CC217073F27B4D569163881C00009E1544160080EFD041CF6C87C3F180ED291922270D57FF257700C0B7F5EDDBF7055D86BF51C0CBA3A3A2A246BB3D37363636760C395776E81902001F72E8D0A1C53A203AE6564E27E5E4E42C227700C0C72BD601019BCE657B1D38ED26D70886000026190AA74F8E2BDC9E5E3C67CE9C347207007C5B4C4C8C5C183BA938DB3A9DCE94D0D0D0B9E41AC1100020AFC9F6073A3862153900F013721984626EBAC2BCAC020886000096B0B0B0D5F6C7A1A1A12BC81500F09B60689679EB2C62D3FF905B0443000037664BE1EF72DFE170ECD18F53C81500F00F111111729984445D7E3B0AD92C2D3C3C7C15B945300400C847AD5AB5A6CB6D9D3A7562C90D00F01F6683D6E222369B4B4317C11000201FA3468D8A3E71E2C4983BEEB8431D3F7EFC859123470E225700C0AF4CCFEF49DBD0B9AFC822822100B00BD1E9369DFEA153DD02CAAB1E05BC374CA766857CF6753ADD57C8EBF575AA94CFF3134A3B13860F1FDE333E3EFE93214386040C1830403DFDF4D301870E1DFAF099679EB9BF94BEC2653ADDE0F6DC4DF93C979FAE3ADD5DC8EBF9E571DF22F69DF59D1E307F17EED7C76BCCA103C0D7242626AE92D5E2DC9F3787CEA585858571B90482210015DC7566F0738B1974BC649649B2925A723E815290B9BD043EFDCCE78798956F796F8B42FE56759D820B79FDB04E736D15FF3BCD749579DB4DA771DECE10E9114A4A4A9AFDE4934F06B66BD7CE78AE4D9B36121005262727CF28A580E85E9DB2DC9E6BA253B8DB73B23F6ABAA5A63A45DA1E5F60E69B15C0C8E7CE34831A2B9F65DFBE66DEEF6BEE4B6B9FDF62BEFF6F3A1DD2A9BD6DDB3BCD00773C8712005F635E26E1D3025E5ECC2A72BE23882C005006A4225C55A71CB31C924A72A6190C490022BD10725D1DEB2ADE1DCDF77CAED32B3A1D312BD4B2EDDB3AE5D7C236D34CCADC4E2AF3A9E6E3613ADD6F56B0AD4AFAE7E6FD753A592729E98DF8DAFCDB23BD992163C78E1D181717F791F408598190A555AB566AE8D0A18193274F9EF1C4134F9C7AE79D77E67BF1AB48B0B9C6DC2F5DCD7DD446A74666802241C8089D4E9A41D24EDB7B251F4FEB94613E96DBBFDB5E4F37F789044A713AFDA1D3EB6680E37EA142F93D7CA753A0B9FD52F36F6F34F789909EA65B399C00F822A7D3B94407444364689CDB620AB3C81D82210015DBF7CAD56B70D8ACF45636039CE5CAD5BBB0CE7CCDB2DCAC086FD5E91A9DDE2CC6DF08B0559A95F937BEB6053987DCB6FFCC76BFB74E27746A60FE5D515BA7046F064232244E7A82F223CF3FFBECB38113274E9C3560C080DE3366CC58E885AF22BD6C1F29D7B0C1A9CAD5239663062309E67EB0E7E97A9D1EB2E5CB65E67BD3CDF3CBF53ABD60BED6D80C96BE368353B9EA7A679D969881D055661E7F6DDBFE52E5EA0D92A0E7129D7ED5A9A5F95BB1023700F049870E1D5A5CAF5EBD033A0E6A680B9052C2C3C397933BBE83617200CA8A04352F9A15E29666A557EE3F6ABE66B950B986C56D378318E9DDF9AB19A4449A95E65BCC00A9A6ED7D7554DEE16E6D6D8FEBD9B6BBC40C02569915F9BE66202436DAB67BD1EDF33D1508F52B2A10B2480FD1B061C364B8DFEC810307DEE5E1AF22430965889A0C9393A1690F9A81905D6D338FECEE320318499BCD4056EE2F76DB769F4EEF9AC16E5D737FBF6A063C3DCCBF3F5C9D990374C8DC27D93A6D53AEB964FBCDCF5E6E4B5C9016804F92A1726639954B0746CB59458E600800943A33444E865E05DBEECBED31DB76520196A1557271BA263ABDA7D30766A5F88459C9BE5AA767D5991E03F1A7AD92BE4E9D195E2529D1B69DF450C8303BE975901E8EE9E6DF114BCD5B895246BB7DFE791B3A74688FBD7BF74E97A171450542F680E8B9E79E0BC9C9C9991F1D1DDDD5835F47E669F552AEE16B326FEBB019B07433F7478472CDF36A781E7F43F6D129F37EA6190CAD30F78DECAFBF9BFB53A49BE976E51A36F9573318AB6906C5D2232543E43A722E03E0C3A6BB054333C912DFC23039006569BD199CD887C9496537D46DBBDBCCF24A82140900A4A7E7632F7E2FA9F47F687B1CADCE5ED4E1BC488F900442F6C5128A4B02A2E1C387078F1F3F7E7EDFBE7D7BCF9A35CB53AB125535031009586E320322991B64CD01AA6CBB6F27BD6DB2229CCCC55A693BBFB80F2B94C0F339E5EAC593FD1869EECB2366A013E7B6FD8566C0FB83722D90F19EF97C67F3776205B700E093C2C2C256A7A79F592BC1E9744E888A8AFA44B986FFCA0B89FAB94D3A48FA2130303076E6CC9907C8B5D215481600BEA965CB969DF48DA4FF6DDBB66D4539FC2FD636831B193275ADF9582ADB3297487A0A926CDB4A6FC13DE6FDFF2AD7C47A1966708572F52CDC685698ED9E52AEDE864BCD0AB754AC43CCC75D749AE1B6BDF48AC8C204D24523BD11F1CAD50BD2D0AC7C7FE6A9FFF82BAFBCD23F3E3E7E464902214BDDBA7555D3A64D83D6AE5D7B5FF3E6CD376FDFBE7D9707BE9A0498D2CBB243A79FCDFD52D9CC7359ECA09572CDA3DA6A7BCF3A735B991B34CBDC0FF5CCFCB20F0F91FD2CC31165B8E222F3B324D00A36039ECAE63E8DB7BD678072F5CEC9DC205928E312F33B7550AEE174616650B586120380AF898E8EEE919D9D3D49073B17D91650A8619E8B84341A55D32F4963D26D7ABB67E5DCDFAA55AB6C7DDEDF420E120C010443E537180A3203949F946BC89ACC2D39A8D306B3322CC3A0BEB56D2F738664D532E91D986956B4652EC96AB3929E5F30B4CCFCBCDF94AB07E2A84E0BCCC7B2DCA9D36DFB8166A024735064A5393911859AE93AF33D1E09840E1C38305DE608B56DDBF6BC3EAB5EBD7AEA924B2E095AB3668DA70222C9D7FF99797593996F329C71BB99DF979981CB6FB6F7488FD9249DDE52AEA17432A74BE6FBC89CA395B67C96F7B5336F2578E963069F3287E8942D186A6CFE061A9BC152A819F4C877901506F7A8334329E7130801F0355151514DF4393C46DF7D59CA38B795E48AD244A7FBF4FB3BEB72FDFB5F7EF9E52839EAFD0A0900943699543AC7F6588663C950296BBE884CE4BFC10C7042CC24F77B9BAF3FA1537F9D3E311FD7CEE76FFC51C8DFCFC9E73969997BD2FC6EF25DECC3AFFA7AE23F6D2E9630BD388B25149739642E6CDCB871B3A3A3A3EF8B8989595CC28F9240E635336F6421043991DF6606AD69E636F2A5D7B9BD47163D905E9BDDEACCB59EA4E72ED80C762500FDD0DCC72166F054DD3CFF483EDBE7FB0498AF592B0DCAEFE14EDBEB99F97CEFC6B6DF0D0094A9BE7DFB46E99B293AD5B29E0B0C0C94064E75CD35D7480396AA56AD9AAA5CB9B23A79F2A44A494951FABCA0D6AE5DAB366CD8A04E9F3E6DBDED46FDBE8DBA5C7F5C97EB9F92B3044300CA8F9A66A063BFB0672575E61A36427A246E56AE3927D2D3208B2748EF4C13B3422C43A5EC17DB6C59C4DF0C50454FB2BF52B97A22EC6468D73305045BE7C45A2CE1C9279FCC0D84E424F8F8E38F9FB5ED5B6FBDA56AD73EF327E584F9D0430F9DB5DD3BEFBCA36AD4A861044423468C08D701D13C7DE2EC59C280E8A41900AD733B4748CF8B35DC2D4C9D59F2BCB6B91F5FB5059721B6F7CAF036E9CD69687BCF1FE66748AFD32BE673121049EFA0F4FC3DAF5C63E8D7B8ED0BD97732CCB181B96D92F9BB9040A8ADF9F7F773680128E340E86E87C3F18955E07EC60A00000D4C49444154BF9620E88E3BEE50B7DD765B9E32DD12111161A4060D1AA8EBAFBFDE38277CF5D557EA9B6FBE51D9D9D9C6B9D1E9747EA2CBF5305DAE7F480E7B87832C007C535454D418E55AC16C6C6C6CEC1872244FC5D8BD672744E5DF6B50DCD7DD05B9056BE7A5B0C51256AE5CA9A64F9F6E043CC67F2E2040356BD64C86D3E56E3379F2E43C2D86D5AB575777DD759791EC366FDEACC68F1F7F222B2B2BCA838B2AA8B2CA372F7E2600783A108AB2074212E00C1D3A545D78E185E7FC59FBF7EF5753A64C316E732BEC0EC703F41079AF520100FE24BF216E45053A99E7F8373C1908C905550B5C2CA163C78EAA7EFD3397E3C9C9C9513A70523FFFFCB3F178E7CE9D6AEBD6ADB98150505090AA52A58AEADAF5EC55B5A5C769C48811C17A9B5869A12C837D93E5279F0900B9A2A2A25E96C50E3A75EA1454C2F737D1C1CA142B10BAFCF2CBD59831634A140809799FBC5F7AFD2D4EA7F35DFD1D9BB1B7088600C06F9881907141D5C2568D1B3264883154C272EAD429F5E1871FAAD4D454A375D0EA3512B2DDA38F3E6A0CBFC84FEBD6AD43AC80C8C3D7210280F2EA551D6CCCAF5BB7EE5159F65ACACEDEBD7B572AEE9B75203455997384A44768D8B061C69CA0F32165BD5BCF920C999BCAAEF23C5693037C5405585ABB5C1B356A54747C7C7CB1164BA854A992CACCCC3426D16665B93A42A48768D3A64D2A2929C9B82FE4E42AE3CA6FB9E596423F4F9FD0032FBEF8E2EC9F7EFAA9478B162DB67B68D96D0028AFE7DB31665023AB57B6D6A97F4040C0E3AD5AB56AA1537A870E1D0EE8F238DF5E6AE951D241CA48A3521D18A85E7EF9E57CE70795447070B0316CFADB6FBF959E2179AA91FE3EBFB3ECB667D13304001E367CF8F09E3A10FA64C89021C55E35EEBEFBEECBD33B24C3E2F467D857163286C8F5E9D3A7589FA7FF6EF8B061C382F5C9F9B3321A320700FEACBA0E4006E8F44D7A7AFA91A8A8A88F0B184AF7847547164B28E9D0B882C8E7DD7DF799225C7F9FC7D8359E45CF10E0A3E819F24FD223949090F0D9B95E5055164EB8F8E28BD5BA75EBF2044016598A5556946BDCB871B13FB37EFDFA21975C72C9E99F7EFAA9678B162DB6D2430400F99E6FC714B1895C2A40561C8D8A8C8C7CAA75EBD657B66AD5EA44FBF6ED9D59595913A408975EA1A79E7A4A8587877BFCFB356CD8502D5DBAD41A25D0487FDFE9BA5E90C29EF30C96D6067CDFE8A8A82872C10F444444B48E8F8FEF2ECB679F4B20649149B7326156AE37610D8DB30225391976E8D0E19C3FB34D9B36951E79E49194F7DF7F7F6E7474F45CA7D3B99B3D050025E37038AAE972544ECA51191919F6B2D6B8D481374863989C53D6ACC9BDC6742F9D26B0370886800A15109105BE4F163A900BEA952410B2F4EFDFDF7EC233C858F17BEFBDB7C49F99949454CDFC9C7EEC2500F0BCABAFBEDAEB9F6F3B37DC4C304430045404D3C802FF121919D9E6C08103DD366FDE5CECB942EE3EFBEC336979B426CB1AA46768E1C285AA458B1625FACC9A356BCA454A2BEBCFA5670800CE569C0647E90692EB7386E4F762D3A64DBDFA059B3469627F7825BB8C600828F7626363E3F4CD1872C2BF8C1C39B2CFA44993629E7AEAA9731E2A27D714DAB2654B9E217242AE44BE6FDF3EE3DA43E73A546EE3C68D87A64E9D1AAE83A05EFA37B5883D04007945454515140C1D37839F309D64A53969A84A71381CCB759AA9EFCB45568D25B865289B37B97D7E2DF69AE7B09A1C0078D0EBAFBF3EBB7AF5EA3DA74C9992BD79F3E662BF4F029EB7DF7E5BA5A5A5E53E273D449663C78EA98F3FFE38CF35878AA283A743E3C78F0FD7C155BF59B36611080140D18EE920C72A88AB9881903C9EAB53EFF0F0F08B6263637BC7C4C42CB0022171BED7152A8A7DB551F33B816008007CD3E4C9931754AB56AD97BECDDEB06143B1DEF3F9E79FE70974E4FA128D1A35326E2DB2CADCECD9B38BF579BB76ED4A98346952088110009C93AA0E87A39219004D9300282C2CACB604403ACD9D366D9A7D15B7DCD62BB948B637B93584A5B39B088600C0E703A2C8C8C8DE6FBDF5D6E9A202A2C4C444B578F1E23C273B599EF5A5975ECAD3DA2827DBD5AB57AB3D7BF614FA7932346EECD8B1559D4EE760022100281E1902A7D3021D0CDDAB03A00B75F0F3A0190015147C245A775252BCBBD2B5DBE727B1B73C87EB0C018097AC5BB76EC7E5975FFED3FAF5EBA31A376E1C58BF7EFD7CB79B306182ACF8963B574886433CFCF0C3C6845C49B2825056569675B2563B76EC50B7DE7AABB1B0427E81900C8DD3771F30877100000AD1B265CB6C1D007DAC03A087666ADBB66DDBB169D3A6F462BCAFA3BE3156B691EBC4B92D72E0515BB76E352EBB605AA9BF630C7B8E6008007CDEF6EDDBF7B468D1E2671D10F56AD4A851907B40B46AD52AB572E54A65BF5E852CCFDDAF9F6B15ECDAB56BABBD7BF7AA848404231092B9454141414A2EF077E9A597E6F92C99233471E244638E506C6CEC17E43E00144D0716125C6CD10150D6B9BCEF8A2BAEA8AB83A83BE5BE3466DD70C30D5EFB8EF3E6CD537FFCF187F570AAFEBE3FB2E73C83617200E0653131318B75B073EFE4C993D3ED8B2AC8B08777DE79479D387122CFF68F3EFA689EC78F3DF6589E15E68E1E3DAA66CC9861DC5AA447E8CD37DF941EA1BE0C8D0300EF0B0A0A92DE77238092B2DD5E267B929C2BDC865BCF25F73DC741160040E9E8D3A74FE7D0D0D02F870E1D1A763E176675273D425620248117390D00A5233A3A7A99D3E9EC2CF7EFBEFBEEDC5E7D4F8A8D8D35AE35675AA51FDF44CE7B0E3D4300504A66CF9EBD3C2323E31EE9215ABF7E7DB6A702216BD5380221002875EF5877BEF9E61BB57FFF7E8F7EB87CDEA245673AFB1D0EC7FB64B967316708004A91CC216AD6ACD99A75EBD6F56EDCB8714083060D4ADC282543E3CC39420F30340E004A9F2CB6D0B265CB4EFA6E1399D7A9CB7875FDF5D7ABD0D0D0F3FE6C596174DCB871F695E4562526260E8F8B8BCB21E7098600C0AF03A22BAEB862C3DAB56B7B366DDA34A05EBD7AE71C10598B25E8BB7D636363BF265701A06CE860E87FFAA6BF4E117209845DBB76A9F6EDDB9F57402481D0E4C993D56FBFFD663D95E67038EE59B468D19FE438C11000F8BD6DDBB6ED9680E8A79F7EBAAF71E3C6AA418306C52E8FAD1E21C51C2100F085F23C4597E7FB75B0D2433F0C3872E4885ABF7EBD6AD1A285AA5AB5EA397F9E0C8D931E215B2024C3E31ED2E5FDB7E436C1100094AB80A879F3E66BB53EC50D88ACEB0899CB67D32304003E60FBF6EDDB5AB66C291386EE9680487A88BEFDF65B75EAD429D5A8512315161656E467C870B8050B16A877DF7D37CF45569D4EE78BBABCFF3F72D93B584D0E00CA98AC3217141434FF99679E7174E8D021B2A0ED76EDDA953076ECD8AAFAC4D88F0BAA0280EFE9DBB76F94BE79D7E17054B39E93EBC2B569D3465D7DF5D5C685B4AB55ABA62A57AE6C0C8593A0272E2ECEE84992E5B3D3D3F35CEB354DA7277520348D9C25180280722D3A3ABAAB3E79CE1B366C5856BB76EDAAB8BF6EAD1AA703A1C1044200E0BBA2A2A29AE8F27CAAB5E47609ADD29FF1882EEF7790A3DEC5303900F001D690B9356BD644356AD428E3820B2EC89D796B5F352E3636F60B720B007CBA3C4FD1E993962D5B6ED7014D0DFD542355FCCBD9ACD269746262E230164B281DF40C01800F3187CC7DFEF4D34F675D7DF5D5D5ED7384583E1B007C565F9D56EBB4CF7C1CA4D3EB3A8DE8D7AF5F435D86F7723A9D37E8C71D74AAA7934C224A5FB972A57AF0C107FFFBFBEFBFAFD08FE7C6C6C6C6919504430050E103A2C0C0C07937DE78E3F155AB5655211002009FF7B64E430A782E44A74C3300BA42A724DB3653747AD2F6F8519D26E8944C96960E86C901808F91EB10B56AD56AD3BE7DFBFE264BB5B26A1C00F8B42B75DAAC53659DAED3E9329D2ED1A98B4EB22C9CF41AFDA2D3719D12743A6D0644C774EAA6D37FCCFB122CC950E874B2140050E10D1A34A81AB900003E4D7A7D1E346F27EB54D7F6DADB05BCE7BF3ADD69A6FFD9EECF56C59F5B040F09220B00C0374D9B362D855C00009F26BD390D747A51A7793A1D51AE9EA0549D4EEA241762951EA34F6CEF918511AC1EFF076CF75BE9944396120C01000000FE4086BE7DA4531B9DBE57AE1EA26FCCE7AD20A7B6DB7BEA28574F90BC47569A939EA543CA35C40EA58C394300000040C92D54AEDE1E59252E4EA7E7750AD7E952E5EAEDB95BB986C35964BED03A9DEE57AE0BABFEAAD3E73A2D51CC1702000000E047826CB72D75FA9BEDB54ACA3514CE4E86D6BDAF534D9D6294ABE7E89FE6F32865F40C01000000252301CD489DAED2492E962DD71AEAAA5CC3E59A2AD7AA72D24BB4C5DC5E029F27CCE0E7A84EBD749AA1D31EE55A404186CDFDA65C3D4600000000E0D35ABB3D7ED0765F7A866EB1054E37B96D3BDD763F42316F080000004005C152DA000000000000000000000000000000000000000000000000000000000000000000000000000000000000000000000000000000000000000000000000000000000000000000000000000000000000000000000000000000000000000000000000000000000000000000000000000000000000000000000000000000000000000000000000000000000000000000000000000000000000000000000000000000000000000000000000000000000000000000000000000000000000000000000000000000000000004AD7FF032C80EFFC630077700000000049454E44AE426082, null);
INSERT INTO `act_ge_bytearray` VALUES ('7502', '1', '-.bpmn20.xml', '7501', 0x3C3F786D6C2076657273696F6E3D22312E302220656E636F64696E673D225554462D38223F3E0A3C646566696E6974696F6E7320786D6C6E733D22687474703A2F2F7777772E6F6D672E6F72672F737065632F42504D4E2F32303130303532342F4D4F44454C2220786D6C6E733A7873693D22687474703A2F2F7777772E77332E6F72672F323030312F584D4C536368656D612D696E7374616E63652220786D6C6E733A7873643D22687474703A2F2F7777772E77332E6F72672F323030312F584D4C536368656D612220786D6C6E733A61637469766974693D22687474703A2F2F61637469766974692E6F72672F62706D6E2220786D6C6E733A62706D6E64693D22687474703A2F2F7777772E6F6D672E6F72672F737065632F42504D4E2F32303130303532342F44492220786D6C6E733A6F6D6764633D22687474703A2F2F7777772E6F6D672E6F72672F737065632F44442F32303130303532342F44432220786D6C6E733A6F6D6764693D22687474703A2F2F7777772E6F6D672E6F72672F737065632F44442F32303130303532342F44492220747970654C616E67756167653D22687474703A2F2F7777772E77332E6F72672F323030312F584D4C536368656D61222065787072657373696F6E4C616E67756167653D22687474703A2F2F7777772E77332E6F72672F313939392F585061746822207461726765744E616D6573706163653D22687474703A2F2F7777772E7869616E6C75746563682E636F6D223E0A20203C70726F636573732069643D226C6561766522206E616D653D22E8AFB7E58187E6B581E7A88B2DE699AEE9809AE8A1A8E58D952220697345786563757461626C653D2274727565223E0A202020203C646F63756D656E746174696F6E3EE8AFB7E58187E6B581E7A88BE6BC94E7A4BA3C2F646F63756D656E746174696F6E3E0A202020203C73746172744576656E742069643D2273746172746576656E743122206E616D653D22E5BC80E5A78B222061637469766974693A696E69746961746F723D226170706C79557365724964223E3C2F73746172744576656E743E0A202020203C757365725461736B2069643D227665726966792D3122206E616D653D22E983A8E997A8E9A286E5AFBCE5AEA1E689B9222061637469766974693A63616E64696461746547726F7570733D22646570744C6561646572223E3C2F757365725461736B3E0A202020203C6578636C7573697665476174657761792069643D226578636C75736976656761746577617935223E3C2F6578636C7573697665476174657761793E0A202020203C757365725461736B2069643D226D6F646966794170706C7922206E616D653D22E8B083E695B4E794B3E8AFB7222061637469766974693A61737369676E65653D22247B6170706C795573657249647D223E0A2020202020203C657874656E73696F6E456C656D656E74733E0A20202020202020203C6D6F64656C65723A696E69746961746F722D63616E2D636F6D706C65746520786D6C6E733A6D6F64656C65723D22687474703A2F2F61637469766974692E636F6D2F6D6F64656C6572223E3C215B43444154415B66616C73655D5D3E3C2F6D6F64656C65723A696E69746961746F722D63616E2D636F6D706C6574653E0A2020202020203C2F657874656E73696F6E456C656D656E74733E0A202020203C2F757365725461736B3E0A202020203C757365725461736B2069643D227665726966792D3222206E616D653D22E4BABAE4BA8BE5AEA1E689B9222061637469766974693A63616E64696461746547726F7570733D226872223E3C2F757365725461736B3E0A202020203C6578636C7573697665476174657761792069643D226578636C75736976656761746577617936223E3C2F6578636C7573697665476174657761793E0A202020203C757365725461736B2069643D227265706F72744261636B22206E616D653D22E99480E58187222061637469766974693A61737369676E65653D22247B6170706C795573657249647D223E0A2020202020203C657874656E73696F6E456C656D656E74733E0A20202020202020203C61637469766974693A7461736B4C697374656E6572206576656E743D22636F6D706C657465222064656C656761746545787072657373696F6E3D22247B7265706F72744261636B456E6450726F636573736F727D223E3C2F61637469766974693A7461736B4C697374656E65723E0A20202020202020203C6D6F64656C65723A696E69746961746F722D63616E2D636F6D706C65746520786D6C6E733A6D6F64656C65723D22687474703A2F2F61637469766974692E636F6D2F6D6F64656C6572223E3C215B43444154415B66616C73655D5D3E3C2F6D6F64656C65723A696E69746961746F722D63616E2D636F6D706C6574653E0A2020202020203C2F657874656E73696F6E456C656D656E74733E0A202020203C2F757365725461736B3E0A202020203C656E644576656E742069643D22656E646576656E743122206E616D653D22E7BB93E69D9F223E3C2F656E644576656E743E0A202020203C6578636C7573697665476174657761792069643D226578636C75736976656761746577617937223E3C2F6578636C7573697665476174657761793E0A202020203C73657175656E6365466C6F772069643D22666C6F77322220736F757263655265663D2273746172746576656E743122207461726765745265663D227665726966792D31223E3C2F73657175656E6365466C6F773E0A202020203C73657175656E6365466C6F772069643D22666C6F77332220736F757263655265663D227665726966792D3122207461726765745265663D226578636C75736976656761746577617935223E3C2F73657175656E6365466C6F773E0A202020203C73657175656E6365466C6F772069643D22666C6F77362220736F757263655265663D227665726966792D3222207461726765745265663D226578636C75736976656761746577617936223E3C2F73657175656E6365466C6F773E0A202020203C73657175656E6365466C6F772069643D22666C6F7731312220736F757263655265663D226D6F646966794170706C7922207461726765745265663D226578636C75736976656761746577617937223E3C2F73657175656E6365466C6F773E0A202020203C73657175656E6365466C6F772069643D22666C6F773522206E616D653D22E5908CE6848F2220736F757263655265663D226578636C7573697665676174657761793522207461726765745265663D227665726966792D32223E0A2020202020203C636F6E646974696F6E45787072657373696F6E207873693A747970653D2274466F726D616C45787072657373696F6E223E3C215B43444154415B247B706173737D5D5D3E3C2F636F6E646974696F6E45787072657373696F6E3E0A202020203C2F73657175656E6365466C6F773E0A202020203C73657175656E6365466C6F772069643D22666C6F77382220736F757263655265663D227265706F72744261636B22207461726765745265663D22656E646576656E7431223E3C2F73657175656E6365466C6F773E0A202020203C73657175656E6365466C6F772069643D22666C6F773722206E616D653D22E5908CE6848F2220736F757263655265663D226578636C7573697665676174657761793622207461726765745265663D227265706F72744261636B223E0A2020202020203C636F6E646974696F6E45787072657373696F6E207873693A747970653D2274466F726D616C45787072657373696F6E223E3C215B43444154415B247B706173737D5D5D3E3C2F636F6E646974696F6E45787072657373696F6E3E0A202020203C2F73657175656E6365466C6F773E0A202020203C73657175656E6365466C6F772069643D22666C6F773922206E616D653D22E4B88DE5908CE6848F2220736F757263655265663D226578636C7573697665676174657761793622207461726765745265663D226D6F646966794170706C79223E0A2020202020203C636F6E646974696F6E45787072657373696F6E207873693A747970653D2274466F726D616C45787072657373696F6E223E3C215B43444154415B247B21706173737D5D5D3E3C2F636F6E646974696F6E45787072657373696F6E3E0A202020203C2F73657175656E6365466C6F773E0A202020203C73657175656E6365466C6F772069643D22666C6F773422206E616D653D22E4B88DE5908CE6848F2220736F757263655265663D226578636C7573697665676174657761793522207461726765745265663D226D6F646966794170706C79223E0A2020202020203C636F6E646974696F6E45787072657373696F6E207873693A747970653D2274466F726D616C45787072657373696F6E223E3C215B43444154415B247B21706173737D5D5D3E3C2F636F6E646974696F6E45787072657373696F6E3E0A202020203C2F73657175656E6365466C6F773E0A202020203C73657175656E6365466C6F772069643D22666C6F77313022206E616D653D22E9878DE696B0E794B3E8AFB72220736F757263655265663D226578636C7573697665676174657761793722207461726765745265663D227665726966792D31223E0A2020202020203C636F6E646974696F6E45787072657373696F6E207873693A747970653D2274466F726D616C45787072657373696F6E223E3C215B43444154415B247B72654170706C797D5D5D3E3C2F636F6E646974696F6E45787072657373696F6E3E0A202020203C2F73657175656E6365466C6F773E0A202020203C73657175656E6365466C6F772069643D22666C6F77313222206E616D653D22E7BB93E69D9FE6B581E7A88B2220736F757263655265663D226578636C7573697665676174657761793722207461726765745265663D22656E646576656E7431223E0A2020202020203C636F6E646974696F6E45787072657373696F6E207873693A747970653D2274466F726D616C45787072657373696F6E223E3C215B43444154415B247B2172654170706C797D5D5D3E3C2F636F6E646974696F6E45787072657373696F6E3E0A202020203C2F73657175656E6365466C6F773E0A20203C2F70726F636573733E0A20203C62706D6E64693A42504D4E4469616772616D2069643D2242504D4E4469616772616D5F6C65617665223E0A202020203C62706D6E64693A42504D4E506C616E652062706D6E456C656D656E743D226C65617665222069643D2242504D4E506C616E655F6C65617665223E0A2020202020203C62706D6E64693A42504D4E53686170652062706D6E456C656D656E743D2273746172746576656E7431222069643D2242504D4E53686170655F73746172746576656E7431223E0A20202020202020203C6F6D6764633A426F756E6473206865696768743D2233302E30222077696474683D2233302E302220783D2239302E302220793D2239302E30223E3C2F6F6D6764633A426F756E64733E0A2020202020203C2F62706D6E64693A42504D4E53686170653E0A2020202020203C62706D6E64693A42504D4E53686170652062706D6E456C656D656E743D227665726966792D31222069643D2242504D4E53686170655F7665726966792D31223E0A20202020202020203C6F6D6764633A426F756E6473206865696768743D2235352E30222077696474683D223130352E302220783D223138302E302220793D2238302E30223E3C2F6F6D6764633A426F756E64733E0A2020202020203C2F62706D6E64693A42504D4E53686170653E0A2020202020203C62706D6E64693A42504D4E53686170652062706D6E456C656D656E743D226578636C75736976656761746577617935222069643D2242504D4E53686170655F6578636C75736976656761746577617935223E0A20202020202020203C6F6D6764633A426F756E6473206865696768743D2234302E30222077696474683D2234302E302220783D223334302E302220793D2238372E30223E3C2F6F6D6764633A426F756E64733E0A2020202020203C2F62706D6E64693A42504D4E53686170653E0A2020202020203C62706D6E64693A42504D4E53686170652062706D6E456C656D656E743D226D6F646966794170706C79222069643D2242504D4E53686170655F6D6F646966794170706C79223E0A20202020202020203C6F6D6764633A426F756E6473206865696768743D2235352E30222077696474683D223130352E302220783D223330372E352220793D223139352E30223E3C2F6F6D6764633A426F756E64733E0A2020202020203C2F62706D6E64693A42504D4E53686170653E0A2020202020203C62706D6E64693A42504D4E53686170652062706D6E456C656D656E743D227665726966792D32222069643D2242504D4E53686170655F7665726966792D32223E0A20202020202020203C6F6D6764633A426F756E6473206865696768743D2235352E30222077696474683D223130352E302220783D223434382E302220793D2238302E30223E3C2F6F6D6764633A426F756E64733E0A2020202020203C2F62706D6E64693A42504D4E53686170653E0A2020202020203C62706D6E64693A42504D4E53686170652062706D6E456C656D656E743D226578636C75736976656761746577617936222069643D2242504D4E53686170655F6578636C75736976656761746577617936223E0A20202020202020203C6F6D6764633A426F756E6473206865696768743D2234302E30222077696474683D2234302E302220783D223630302E302220793D2238372E30223E3C2F6F6D6764633A426F756E64733E0A2020202020203C2F62706D6E64693A42504D4E53686170653E0A2020202020203C62706D6E64693A42504D4E53686170652062706D6E456C656D656E743D227265706F72744261636B222069643D2242504D4E53686170655F7265706F72744261636B223E0A20202020202020203C6F6D6764633A426F756E6473206865696768743D2235352E30222077696474683D223130352E302220783D223638302E302220793D2238302E30223E3C2F6F6D6764633A426F756E64733E0A2020202020203C2F62706D6E64693A42504D4E53686170653E0A2020202020203C62706D6E64693A42504D4E53686170652062706D6E456C656D656E743D22656E646576656E7431222069643D2242504D4E53686170655F656E646576656E7431223E0A20202020202020203C6F6D6764633A426F756E6473206865696768743D2232382E30222077696474683D2232382E302220783D223731382E352220793D223330362E30223E3C2F6F6D6764633A426F756E64733E0A2020202020203C2F62706D6E64693A42504D4E53686170653E0A2020202020203C62706D6E64693A42504D4E53686170652062706D6E456C656D656E743D226578636C75736976656761746577617937222069643D2242504D4E53686170655F6578636C75736976656761746577617937223E0A20202020202020203C6F6D6764633A426F756E6473206865696768743D2234302E30222077696474683D2234302E302220783D223334302E302220793D223330302E30223E3C2F6F6D6764633A426F756E64733E0A2020202020203C2F62706D6E64693A42504D4E53686170653E0A2020202020203C62706D6E64693A42504D4E456467652062706D6E456C656D656E743D22666C6F7732222069643D2242504D4E456467655F666C6F7732223E0A20202020202020203C6F6D6764693A776179706F696E7420783D223131392E39393731313733323438353038382220793D223130352E32393430363131323430313637223E3C2F6F6D6764693A776179706F696E743E0A20202020202020203C6F6D6764693A776179706F696E7420783D223138302E302220793D223130362E3437303538383233353239343132223E3C2F6F6D6764693A776179706F696E743E0A2020202020203C2F62706D6E64693A42504D4E456467653E0A2020202020203C62706D6E64693A42504D4E456467652062706D6E456C656D656E743D22666C6F7733222069643D2242504D4E456467655F666C6F7733223E0A20202020202020203C6F6D6764693A776179706F696E7420783D223238352E302220793D223130372E3239343131373634373035383833223E3C2F6F6D6764693A776179706F696E743E0A20202020202020203C6F6D6764693A776179706F696E7420783D223334302E3037383132352220793D223130372E303738313235223E3C2F6F6D6764693A776179706F696E743E0A2020202020203C2F62706D6E64693A42504D4E456467653E0A2020202020203C62706D6E64693A42504D4E456467652062706D6E456C656D656E743D22666C6F7734222069643D2242504D4E456467655F666C6F7734223E0A20202020202020203C6F6D6764693A776179706F696E7420783D223336302E302220793D223132372E30223E3C2F6F6D6764693A776179706F696E743E0A20202020202020203C6F6D6764693A776179706F696E7420783D223336302E302220793D223139352E30223E3C2F6F6D6764693A776179706F696E743E0A2020202020203C2F62706D6E64693A42504D4E456467653E0A2020202020203C62706D6E64693A42504D4E456467652062706D6E456C656D656E743D22666C6F7735222069643D2242504D4E456467655F666C6F7735223E0A20202020202020203C6F6D6764693A776179706F696E7420783D223337392E39323930373830313431383433372220793D223130372E30373039323139383538313536223E3C2F6F6D6764693A776179706F696E743E0A20202020202020203C6F6D6764693A776179706F696E7420783D223434382E302220793D223130372E3331333136373235393738363437223E3C2F6F6D6764693A776179706F696E743E0A2020202020203C2F62706D6E64693A42504D4E456467653E0A2020202020203C62706D6E64693A42504D4E456467652062706D6E456C656D656E743D22666C6F7736222069643D2242504D4E456467655F666C6F7736223E0A20202020202020203C6F6D6764693A776179706F696E7420783D223535332E302220793D223130372E3238303333343732383033333437223E3C2F6F6D6764693A776179706F696E743E0A20202020202020203C6F6D6764693A776179706F696E7420783D223630302E303833333333333333333333342220793D223130372E3038333333333333333333333333223E3C2F6F6D6764693A776179706F696E743E0A2020202020203C2F62706D6E64693A42504D4E456467653E0A2020202020203C62706D6E64693A42504D4E456467652062706D6E456C656D656E743D22666C6F7737222069643D2242504D4E456467655F666C6F7737223E0A20202020202020203C6F6D6764693A776179706F696E7420783D223633392E393131353034343234373738372220793D223130372E3038383439353537353232313234223E3C2F6F6D6764693A776179706F696E743E0A20202020202020203C6F6D6764693A776179706F696E7420783D223638302E302220793D223130372E3236363636363636363636363637223E3C2F6F6D6764693A776179706F696E743E0A2020202020203C2F62706D6E64693A42504D4E456467653E0A2020202020203C62706D6E64693A42504D4E456467652062706D6E456C656D656E743D22666C6F773130222069643D2242504D4E456467655F666C6F773130223E0A20202020202020203C6F6D6764693A776179706F696E7420783D223334302E302220793D223332302E30223E3C2F6F6D6764693A776179706F696E743E0A20202020202020203C6F6D6764693A776179706F696E7420783D223233322E302220793D223332302E30223E3C2F6F6D6764693A776179706F696E743E0A20202020202020203C6F6D6764693A776179706F696E7420783D223233322E34333532393431313736343730362220793D223133352E30223E3C2F6F6D6764693A776179706F696E743E0A2020202020203C2F62706D6E64693A42504D4E456467653E0A2020202020203C62706D6E64693A42504D4E456467652062706D6E456C656D656E743D22666C6F773131222069643D2242504D4E456467655F666C6F773131223E0A20202020202020203C6F6D6764693A776179706F696E7420783D223336302E302220793D223235302E30223E3C2F6F6D6764693A776179706F696E743E0A20202020202020203C6F6D6764693A776179706F696E7420783D223336302E302220793D223330302E30223E3C2F6F6D6764693A776179706F696E743E0A2020202020203C2F62706D6E64693A42504D4E456467653E0A2020202020203C62706D6E64693A42504D4E456467652062706D6E456C656D656E743D22666C6F7738222069643D2242504D4E456467655F666C6F7738223E0A20202020202020203C6F6D6764693A776179706F696E7420783D223733322E352220793D223133352E30223E3C2F6F6D6764693A776179706F696E743E0A20202020202020203C6F6D6764693A776179706F696E7420783D223733322E352220793D223330362E30223E3C2F6F6D6764693A776179706F696E743E0A2020202020203C2F62706D6E64693A42504D4E456467653E0A2020202020203C62706D6E64693A42504D4E456467652062706D6E456C656D656E743D22666C6F7739222069643D2242504D4E456467655F666C6F7739223E0A20202020202020203C6F6D6764693A776179706F696E7420783D223632302E302220793D223132372E30223E3C2F6F6D6764693A776179706F696E743E0A20202020202020203C6F6D6764693A776179706F696E7420783D223632302E302220793D223232322E35223E3C2F6F6D6764693A776179706F696E743E0A20202020202020203C6F6D6764693A776179706F696E7420783D223431322E352220793D223232322E35223E3C2F6F6D6764693A776179706F696E743E0A2020202020203C2F62706D6E64693A42504D4E456467653E0A2020202020203C62706D6E64693A42504D4E456467652062706D6E456C656D656E743D22666C6F773132222069643D2242504D4E456467655F666C6F773132223E0A20202020202020203C6F6D6764693A776179706F696E7420783D223338302E302220793D223332302E30223E3C2F6F6D6764693A776179706F696E743E0A20202020202020203C6F6D6764693A776179706F696E7420783D223731382E352220793D223332302E30223E3C2F6F6D6764693A776179706F696E743E0A2020202020203C2F62706D6E64693A42504D4E456467653E0A202020203C2F62706D6E64693A42504D4E506C616E653E0A20203C2F62706D6E64693A42504D4E4469616772616D3E0A3C2F646566696E6974696F6E733E, '0');
INSERT INTO `act_ge_bytearray` VALUES ('7503', '1', '-.leave.png', '7501', 0x89504E470D0A1A0A0000000D49484452000002C60000011308060000003573C0B400002B5D4944415478DAED9D0B9015E595C75B32497C100DA51445B914EA522C6551ACA5504819E268619CC44924BC2EF3006689058655628894BA861A9558198D2992683692E00382B22E22920982CE0CAF1187154C214150D8800446606609E084190826BDDFB97CDFE59B9EBEAFB98FB9F7F6EF5775AAFB76F7BD73A74F9F73FEF7EBD3DD8E03000000000000000000000000000000000000000000000000000000902BB8AE5BB46FDFBEE55BB66CF97B4343835B575787E580D5D7D7BB9B366DFA3F65951CA540BEC0C817407C129F900524881A1B1BDD969616F7CC9933580E596B6BABBB71E3C6932AA82670A402F902235F00F1497C4286915F9604514E07D319F58B7337472A902F30F205109FC427641839DDC2019BDBA602E92C472A902F30F205109FC4276418E97FE160CDF940723952817C81912F80F8243E214702E9AF270EBBFBB6BEE07E50FF58D8645E9671A0134840BE205F902F80F8C488CFC00452DBF16677E79BF3DCF757CFED64B24CD671B0134839C497D905E40BF20504311F109FC4276429900E7EF0BB2E4164ECD007B51CEC0452AE50A2CCD553205F902FC80781CA07C427F109590AA4DDEB9F881A48B28E839D40CA01C6283BAE6C819E96B24BC817E40BF24190F201F1497C4296026967DD23510349D671B013483952044BAD91A256C431F9827C413E08523E203E894F79CACB853B76EC98B978F1E28D3535352767CF9E7DB6AAAACA9D3C79B25B5959F98FEF7EF7BB671E7EF8E17D4F3CF1C45265FF4259239008A4822F82F19603F9827C413E203E89CFC28A4F11C42B56AC58327FFEFCB3F7DD779FBB70E14277CB962D6E7373B3DBD1D1E10A32951B5DBFF7DE7BAE12CEEEF7BEF7BD7F7CFFFBDFFF78C68C197751DE920B24B96A355A20C93A0E760A5D0F5112A7D899F5F41C932FC817E48382CF07C46740E35309E0E93FFAD18F4ECF9D3B372C7A3FFBEC333751B66FDFEE3EF8E0839FCD9C3973F7C489130751E6120BA4BD9B9F891A48B28E839D42D78345305E9163E4987C41BE201F04221F109F018B4FA56B8B56AD5AB5EEEEBBEF766B6B6B9312C45ED6AE5DEB4E9F3EBD9DD1E3C402E958F30E77E75BD55D4FBBA865B28E839D42D743A74B4B32B43D902FC817E403E213CBDDF81451BC61C38677EFBDF75E77CF9E3D6E3AF8F8E38F5D25B2DBEFBAEBAE7FA7D0C577E6FE6D4BBA04922CE340A7D0F550112CEDC6FBDA10C7E40BF205F9A050F301F119A0F894916211C5D2339C4EE4F366CC98D15656565649A18B61A74FBB7BDFF955D7D32E6A99ACE360A7D0E578110CC46954F20516B07C413E203E83199FD2532CED13E91A29F61B399E3A75EA71258E8750E8FC9F92B367F3D3517B92641D4FCBA1D06581923415B11207714CBE205F900F0A301F109F01884FB9FBC4638F3D76467A8A33C9EAD5ABDB2B2A2A9A28749D7F551EDEBBCEFDE3DAFF881A44C6641BD9965F9B14BA0C17C1749DF664E4987C41BE201F145C3E203E03109F2B57AE7C49EE3EF1B7BFFDCDCD34B366CD3A12C4960ABF408AF7AB925F9B14BA1E385D6A8AE005CAA6E9693278DFC70579E40BF205F9A0A0F201F159E0F129A3C5729F62B9255B3678FFFDF7CF0471D4D82F9012F95519EBD726073F852E43233952C49E93F4A0A717245104FDDE8738265F902FC80705930F88CF028F4F79A29D5C7097CA6DD99265FAF4E947264F9E7C55216490E2E2E2A2EE06527783C818073F852E43A737A7E962E626510CED22686CAACF6959DA2AC817E40BF2415EE703E2B3C0E3531EF3BC68D122379B2C58B060BB12C6F717421651FF47632814BAA7AAAAEAC2640309A3D0F530D18A935F518B550CFDB65FE4B33D3DC729145E8C7C413E203EB12CC4674D4DCD4979CC733679E79D773E5682B2B64084F17E65AEB2C3CAEE8E269009240A5D26282B2BAB53F695148A604912C5CDAF18265A041DDA2A12F717F9827C413E203EB11E8ACFD9B3679F3D7CF8705685F19123475A94883C5820C2F8B016C6C6F6ABC01A4B2051E8B274FC858F3B49E8A150E8C6244F97C62B46F18A61B245D0FEFBAD411C394ED45FE40BF205F980F8C47A283EABAAAADC8E8E8EAC0A63F97BEAE0EB28A442E7635B557095104814BA2C1F7F6BE28C78247BFA325A31ECD5CD2218EFB46D2084713C7F912FC817E403E213EBA1F814E7F704FAA0FB4C04B2B236F5EBECB89ACA48F227CAFEAC6C9FB28FD441F9819ABEAFEC3D655B94BDAD6C83B27A3968A52543BD77A5DAEEBFD5FCCBCA96A8F9E7D574A15AFE4B35FDB97AFD5335AD51D31FA9E923CA7EA8EC01F5FA076A9BEFA9E92CF57A86B2E9EAF554F5BA4C4D27AAD7DF56B3DF14813B69D2A431EA75B104899A8E2C2F2FBF416DF3AF3184B1B1F7D47677124814BA6CFE308B724AB0BB3D7D7EC5F0A3148A60AADFA7E07E487BFD45BE205F900F884FAC87E273DAB469FFC8F688717B7BBBDC95A243EEE8203DB913274EECADA65F56D3BE959595FDD5BA016AFE6A252807ABE9B5EA801CA6E6AF1741AA04EA4DEAF5CD225445B0AAE5A5D2BA20425604ADDA668A9AFF3711BA5AF0CE56AFE7881056D387D5B45A0BE41AF5FA2935FF332DA0172A7B4EBD5E2C025B0BEDD7D4BADFE95F8D756ABA5E0B7311E8DB946D8F278CD5FBFE2E3F0008240A5D96CF5844463CF429C1544764FC8A612A4530277B0C73C55FE40BF205F980F8C47A283EEFBDF7DE33D9EE31FEE4934F3E2AA01EE368012422BA985F98F9630924C5BCB471E3C69982B520C5C3BD97CFC8D0477A792A2C28D47DDF5D235F902FC807C427D643C278DEBC797BB37D578A37DF7CF38D42B82B858C767B02E6AC6EEBA0278911A01EEF7197B329D67DB6537DBC6BAC11A2646EFADF932344B7E8EFBAD0C7C6E8FFC5A6512F2FD5EB64BA56D94B99F617F9827C413EC87E5C139FC467989FFCE4278BB27D1FE3EAEAEAD585701F6379488925887F13EBA125E90E2409E8279F7CB2D341505E5EEEAE5AB5CAFDD297BEE4EEDCB933B2EE934F3E096F2FCBF6EEDDEBDE71C71D61936D070C18E0FEFAD7BFEEF4D91F7EF861787B795F5353933B69D2A4B04D9D3A35FC1E5967BFE7DD77DF75BFFDED6F47B689B65DB4FFE3A9A79E8ABBCDFDF7DF1F9E7FE59557C2176F9AE54B972E4518C72E80DEA2D396A19EC2EE14C36CF7147EAA8BA85FE1ECE3534085FE7AF9A57A3A2F1BFECA95C22BFFB3E49544B797B81F3C7870529F9F2BF15FA0C23808F9206D719D6FF199688C79EBB0C4918953A9F3F6BACD9B37BB83060D72D5FF1C8EE761C386457480BCBEE4924B0A5F18FFF0873FFCE77BEEB9E7EF597CF25D874AB47F2A8427DF555454FC93FA3F5E48E47F4957206DDCB8317C70CE9F3F3F7CC0CB012E07B09839C0ED82212277FDFAF5EEC89123DDF1E3C7BBA74E9D8A14163139C86FBFFDF64E7FE3F39FFFBC7BD96597C96DF522DBAE5EBD3AFCB9F27EEF77EADBB7AF7BEBADB7FA06A4B77099EF6FC473FFFEFDDDD1A34787E7C556AC58E15E7DF5D55D3E477EBC99F9254B9644E6E5FF471887AD497AED13781263B22332D16EC1E477157A32C5B027AE426F57B65859B47D64FC7FB11E415AABF757935568C7E8EF2EF30333E5AF5C12C67EB12D26B941F28A981DCF62269E9F7FFEF9F0671C3A7428E7E3BFC0847190F2415AE3FA9BDFFC66DEC46732C258A6B7DD765BF8B87DF9E597DDE5CB978707CB6479434343A7EDB76DDB169EFEE94F7F0A4F65DBB6B6B6C8FA952B5716FE199D3973E6FCEF7BEFBD97AD368AA5F2B4382760A42B90E4E0945F74E6F59A356B2207AB8C06CB3AB3CC1E2D7EEBADB77C3FCF2B8CE5F365FB5DBB7685A752A8A42889509E356B566424D816C852A8FAF4E9E3AAE3A8CB88B17C8E298A7EC54C5E8BC8B745F9430F3D149EDFBF7F7FE473BEFAD5AF86FF8ECC8BD837EFDDB1634778FAF39FFF3CA8C238D68850AA2333F1EE4B7A41378BE170A767EE5B6A0AE835CA5E55B64CEF8B3D9E02EAE8223B4AAFB747A1A4A84EC9B4BF724918CB0FDF68EB250F48DE911CE215C6524C870C19D2E5F37235FE0B441807311FA42DAEF32D3EE3998CF4363636768A57D91F1297129F175D74917BF2E4C92E316AEAFF2F7FF9CB489C7DFDEB5FEF54D70B5E187FE73BDF99F8831FFCE06C16468D8F979797FF41FD12AB4418A756AC447C4AE190F903070E4484B14C0F1E3C18D956467D6559B4BFEF15C6B2EDECD9B3C39F259F3B73E6CCF032091E090ABF5F8C03070E0C172EEF678B483F7EFC78A7112311DEF2EBD48C10C9BAE9D3A787E7A51D43FE2FBFFFD71E31EAD7AF5F58E8CBBC8C2EC928148F784D9A78233489DEAC3FD962684EDF8EED81FF590AE86865AFE9422AF4F69C52F58E34BDE129A02794FD2C9FF245774D4684651F7CF18B5F8CB99D145869DFF20AE32BAEB8221CD3DE1FF6B91AFF01CF17F99C0FB21ED7F9228CE57F95D16119E012312C53193D961F9F12A77246D78E6F796D6B0A11C4A205241798B3C7F6C05CC15F03A004D08EDADADA8CAA62E96796D1E2247FCD228CADD15F292043870E759F7EFAE9B0A895035D84A91CF4B25E8A8E1CD4E63DC78E1D4B78C4584662A45FD804949C06F58ECC6CDFBEBD8B3096BF29CB468D1A153E55F3ECB3CFBAD75F7F7D782ABF4865DE1BAC524CCDBC11DC32D22D23D37EC12DC2DB9CDE915FC166B9EC070A5DB789365294EC13AC122D86E6EF8DEDA1FFD71450F9FB7F71CE5F8073D467642956017D2608C258E24CF6819C0DB2DBAFBC26D729887985B1F4267A85712EC73FF9226FF341D6E33A1F84B1D4733378669F5996D627F3C354CEDEC832D94E7EB44ACD96D74637C888B1B4E6482BA539132C3F8203238CA54F56FD726FDFB3674F4644B11256ABE4F1C9656565439C0092AE4092035644B0397529A71EBDED12762024238CC5E4D7A17CEE75D75D1716B94608DBBF208D3096D3322286C54CA0D96D14727A530A9777145B5EDF74D34D5D468CA4A0DE79E79D91EDE46FC945378E75F180B7A806BDC7384D2345DED398D39CE4EF4BEA570CA726312295CD568A91CA86E96517EAEF5AE45340A560F673CE5FA8D347BF1E110461ECE8FE62B94641E663B553987911C362E6423C799F5754E76AFC932FF2361F643DAEF341189B813473C6A5BABABA4B1B84D107F2FF483FB1892BD37B6CC75A6B6B6B2417C4FAA15C70778DA9ACACAC983973E6A9969696B48AE243870EBD5D5E5E7E20882D14E90E246969F08A602356CD856EF67CB2C2D8BE38CFB19AF04DA0D8BDC77651B483C8BC8ED6F7976861943610D3FC6FB771D8C16AFE77BB8F9942D7EDD3A8253E452D999BF5477B5FAE3CC4A3DD3AD5EA87EB991FACA7972BBB562F1F6615D49B0B55189B360AFBAC514D4D4DA76D649449FA0EC5FC2EBE9B376F9E7BDF7DF745F247AEC73FF9226FF341D6E33A5F5A294C4FB1F901196BC4D88E4F53EF65C458E25206C6CC9961192C0BDCED142B2A2AA6CF9831A32D5D23C732522CA238140A3DE80498745E7CE72D2CE6748988D8071E78A0D3AFC26485B1FC2A94961A197136C122A7496514C81424BFCF3223CBA6FF289630B62F0EB48B9E9CFAF16BEA773C3D86520C8D6097EF28DF2B1DBF60032C8CFD4EA35EA0477892BDE592F77D254EEE3CD94EFCFBA8CFF2EBF4BAB5FA752FA7F3AD9E7639E72EB89BA25FF7D6234C053B62ECE8EB18BCF16DEE0861C4B3987D9A355E8F712EC73FF9226FF341D6E33ADFEE4A21F16B06B5245EFD468CFD84B177B0CB7B316DA0EE33AE44ECE4CACACA93AFBFFEFA5F53B820EFF84F7FFA53B995D96165554EC0495720998BD9CCED551CEBA23B19259603DD7B3AC5F1DC8E454C7E01EA03277CB7097B9DF4193BBA695F5E9B80927608D38364FFC23426FDC4D2FF672E8C31A3CAF182D61446BF1F01E687C08B2FBE18D9DE9CCA91A9393D64AE64A7D0A5B51866E2B42CE478E19578F213B4E6C21CB935A4DD3E615F98232350A6984A718D77F57A2EC53FF9827C902F3F5C938D67C7EA1B3675DD9CF5B107B4BC67624C2C8B98366D91327016D807F048CF71797979C3CC99338FFCE10F7F684FE63EC54A182D53C27AAB5C6817D49EE26C0792F797A0F7611DA67FC83633EA624E977AEF652C23C972C5B757544B608C183122EA295873CF4475DCA4248CC5445C3B9E0B6ECC3C852EA78B61B61FDE41BE48D1E487AFDCF121D63D4A65B4D7F1B9CB8DB47899DBA9D90F1ECAA7F8275F900F0A51184BFDB6EF416CC4AE695392077744BB5D9B6804395B6C7E989A81B6780FEE2AF8F854E2768208E4AAAAAA969A9A9A0FDE7EFBED03CDCDCD87450009EDEDED47D4CEFAA8BEBEFEF78F3CF2C89A8A8A8A7D228865943888779F288440E211928127D5D39DB9D43E41BEC0C817E403E293F84C3FF294B7B2B2B2FB94E05DAE6CBFB20EFD841D991E54562B8F792E8427DA1148041274FBAAF1310EA2987C41BE201F14703E203E894F209008A46092ECE94FDA27C817E40BF241C1E703E293F804028940421CC72B6EF258D79E7AA21DF902235F900F884F8C7A4E20610452D64EA3B6C5381D6AAE364714932FC817E48382CF07C427F10904128104D1468A689F205F902FC80781CA07C427F109041281047E450F514CBE205F900F02970F884FE21308240209BCC57001A2987C41BE201F04311F109FC42710480412D894C8AD1A1D6EC946BE205F4000F301F1497C028144204127742104F205F90202970F884FE2130824020910C6E40B8C7C413E203E894F209008244018932F30F205F980F8243E81402290804248BEC0C817E403E293F88474D2D0D0C0C19ADBD6A102E92C472A85907C81912FC807C427F1091966D3A64D875B5A5A386073D49A9B9BFF4B05D26E8E540A21F902235F900F884FE21332CCBA75EBEEDCB061C389A3478FB673E0E6D62F4B09A2FAFAFA03CA2670A45208C91718F9827C407C129F900594A34AD5AF98AD32C42FFD2FF96ACB962D732511E6F3FF6099F86237414421245F60E40BF24150E3B3406A3AF1093D96046B25888A8B8B8BD81B144200201FB017F021402009854237AA003A2B41545656C693CF48A200403E201FE04380C00AE3951240DAB6B24748A200403E602FE043802006CE70335A6C4C09E552F60C491400C807800F01821638B5B62836A3C6F41A934401807C00F810204841D365B4D8585959D958F610491400C807800F018212346BFC44B1B626F610491400C807800F0182103051478BE93526890200F980BD800F01821430B5B1443177A820890200F900F021004104F81F00C807800F010822C0FF00403E201FE04300828820C2FF0000E4037C08000411FE672F0000F9001F02004184FFF13F00900FF02100104480FF01807C800F01802002FC0F00E4037C08000411E07F00201FE04300208800FF0300F9001F02004104F81F00C807F810000822C0FF00403EC08700401001FE0700F2013E04008208F03F00900FF02100104480FF01807C800F01802002FC0F00E4037C08000411E07F00201FE04300208800FF0300F9001F02004104893161C204F1FF1BDA166A1BA3CDCCCB36E3F45B6E51F69CB5ED42CFFBBCC753A35E5EAAD7C974ADB297D8FB00D403C087000411E49AFF8B3C8B65D90351DEF2A916C77E82B88F8F3016FAEBE597EAE93CF63C00F500F021004104B9EEFF6F69F13A34CA5BDA952DF611D3B6A8162E76CE8D0CAFD5C2B9C912D0322DD1F303F10200F500F021004104B9E6FFBECA7EAB056B3FE7DCC87034617C8DB257952DD342778F47183B5A3C8F72CEB76598D16511CB53D8FB00D403C087000411E4A2FF7B6B513B444F0769712CF3F77884F16865AF69816CBFF752A76B2B85E961B685F109653F63EF03500F001F021044906BFEEFAB05EC484BCC9A8BEDCCBA691E613C56D95F9CF317D61DB5DE9B88307E86BD0F403D007C08401041CE307EFC78578BD7228F981D67BDB6FB8D4D2B8588E8617AD985D667788F2711C232F26C2EC0EBA35F8F60EF03500F001F02104490EBFEF70A63C7471847C3F5CC0FD6D3CB955DAB970FB384F2CD7801807A00F8108020825C16C6DF88217C1FF5597E9D5EB756BFEEE574BE85DB2EE7DC057753F46BE94BEE870700A807800F010822C0FF00403E007C08401001FE0700F201E043008208F03F00900F001F02104480FF01807C00F810802002FC0F00E403C087000411E07F00201F003E04208800FF0300F900F021004104F81F00C807800F010822C0FF00403E007C08401001FE0700F201E043008208F03F00900F001F02104480FF01807C00F810802002FC0F00E403C087000411E07F00201F003E04208820B77D5D2BFE8E635BD95300D403C08700041114BAAF872B3B1B4B188742A152F61400F500F02100410441F0F79A18C2B8A9B8B8B888BD04403D007C0840104110FC3D3C9A302E2B2B1BCB1E02A01E003E04208820483EF7EB35DECA683100F580BD800F010822089ACFBBF41AD35B0C00D4037C0840101144814409E1958C160300F5001F02004184300E856EB47A8B4BD82300403DC087000411411464DF877B8D192D0600EA013E04008228E8BE1F8EFF01807A800F0180204A1AD7758BF6EDDBB77CCB962D7F6F686870EBEAEAB01CB0FAFA7A77D3A64DFFA7AC92A314807A800F018020CA02228A1B1B1BDD969616F7CC9933580E596B6BABBB71E3C6934A244FE04805A01EE043002088328C8C14238A735A1C9FA9ABABDBCD910A403DC0870040106518699F4080E6B629617C962315807A800F018020CA30D2CF8AF8CC7961CCF10C403DC087004010E58A30FEEB89C3EEBEAD2FB81FD43F16369997650857843100F500F0210041141861DC76BCD9DDF9E63CF7FDD5733B992C93758857843100F500F02100411408617CF083DF7511C5C60E7D508B78451803500F001F021044C110C6BBD73F115518CB3AC42BC218807A00F81080200A8430DE59F74854612CEB10AF086300EA01E043008208618C30461803500F001F0210444111C672178A68C258D6215E11C600D403C0870004512084F1DECDCF4415C6B20EF18A3006A01E003E04208802218C8F35EF7077BE55DDB58D422D93758857843100F500F02100411408612CB67FDB922EC25896215C11C600D403C0870004517084F1E9D3EEDE777ED5B58D422D93758857843100F500F021004154F0C2589E6CB767F3D3517B8C651D4FBF431803500F001F021044852B8C4F9F760FEF5DE7FE71ED7F4415C5C6641BD996D163843100F500F02100415450C238DE2831A3C7086300EA01E04300822810C2389151E258A3C78859843100F500F02100415410C2B8BBA2D8186216610C403D007C084010158430C610C600D403C087000411C218CB4B61AC8EF9E1A1506825473400F5001F02004184300EA4301641ACAC56D9598E7B00EA013E04008208611C3861EC15C4C638A201A807F81000082284712084712814BA515A26BC8218610C403DC087004010218C03218CA38D10238C01A807F8100008228471D084318661DD34323D351D802002847101B6524C9A34698C3ABE9B100090467A2B7B43DB426D63B4997939B6C6E9ED6F51F69CB5ED42CFFBBCC761A35E5EAAD7C974ADB297D8F5404D07208810C6CA5A5B5BC547EEF2E5CBDD53A74EB903070E746FBDF55677EAD4A9615BB56A5578BDF77DB2ACA6A626EAEB68B672E54A77C0800151D7EFDAB5CBFDF0C30F7DFFDE8B2FBE987317DF95959595A8E3BC11610C69A2C8F35A8EA507A26CFBA916C77E82B88F8F3016FAEBE597EAE93C763950D301082284B165EFBEFBAEDBBF7F7FB7A3A3232C40459CCAF4E9A79F8E8852B3ED8811232262F9F9E79F77AFB8E20A77DBB66DE1D777DC7147649D7C8679CF25975CE2DE7EFBEDE175F3E6CD73FBF4E9E33EFCF0C3916D9B9A9ABA8860F94E0D0D0D6E797979A7BFB762C58AF0FCA1438772EA766D7A04B911610C69E45B5ABC0E8DB2BE5DD9621F316D8B6AE162E7DCC8F05A2D9C9B2C012DD3123D3F905D0ED474008228F0C2D82B4A972C59129E161717BB8D8D8D9D84F1DEBD7BC3A3BE46A88E1A35CAADADAD75972E5D1A79FF2BAFBCD2E5335F7EF9E5F0BC885C1995B6D779B7DFBC797364345BBE832D8C652A8239571FF0A147909B38A22145FA2AFBAD16ACFD9C7323C3D184F135CA5E55B64C0BDD3D1E61EC68F13CCA39DF96614697452C4F617703351D80200ABC30965157119D175D745158001BA1FAECB3CF4684A88C1ADBC2D88CFA1A01FDB9CF7DCE9D3F7F7E58348AA095E5229EBDC2F8FAEBAF8F3A62BC7EFDFA481B855976F0E0C1F0FCF8F1E323CBEC79F31E1E090D05486F2D6A87E8E9202D8E65FE1E8F301EADEC352D90EDF75EEA746DA590D7DEFEE513CA7EC62E076A3A00411478612C66DA27A445C188581911F60A5B33BF7FFFFEF0E8B02C1B3A746858A8CAF263C78E85974D9A34C97714DA8C0AC71A31961E67B36CC78E1DE1D7575E79A57BDB6DB785DF6744BC88E65C1D31064891BE5AC08EB4C4EC38CFBA691E613C56D95F9CF317D61DB5DE9B88307E86DD0ED474008208616C895323861DDDF6202254FA8E8F1C39D249188F1C39D25DBD7A75A4CF77F0E0C1E1560AB930CE5CC82726EF4B5618DBCBE46240332F7FD3BE10D08C6E238CA1C030A3BC451E313BCE7A6DF71B9B560A11D1C3F4B20BADCFF01EAF228465E4D95C80D747BF1EC1AE076A3A00418430B684E8CE9D3BDD93274F46DA28CC08B02C37C258466A65145704AAF856A6575F7DB53B6BD6ACF0BCB930CEDB03EC24D84A616F2F23C6323A2DF31B376EF415CD086308005E61ECF808E358EFB5E707EBE9E5CAAED5CB875942F966763750D301082284B1EE2B1E326448E4623B19C595A911A7DEF60BB993844C8DB895A9F41B9B8BF0BC9F6FC4B277C478D1A245BEDB5F76D96591D16AB9008F116308B030FE468C758FFA2CBF4EAF5BAB5FF7723ADFC26D9773EE82BB29FAB5F425F7635703351D802042185BF70896A98C08CBF4C08103EE5B6FBDD5A5C7D87ECFF6EDDBBB08DD7896C8F6F2D972EC9879D3FFCC88310000351D8020421867D4DADADAC20FD590B6097BB9B93FB1DCBBD8EF3EC622A6ABABABC3F73236AD1146604BBFB1DFDF92968AD1A347C77DE8882D84E5BB493FB3B98D9CDDBF8C300600A0A603104408E31EBB8B058F840600A0A60300411478611C6443180300351D0008228431863006006A3A39108020421863086300006A3A00418430C610C60000D474008208618C218C0100A8E9000411C2184318030050D3010822843186300600A0A603104408630C610C00404D07208810C618C21800809A0E4010218C3184310000351D8020421863086300006A3A00418430C610C60000D47400822817686868407CE6B67528617C96231500A8E900401065984D9B361D6E69694180E6A8353737FF9712C6BB395201809A0E0004518659B76EDD9D1B366C3871F4E8D17684686E8D148B28AEAFAF3FA06C02472A0050D3018020CA024A7895D6D5D56D9553F6D2CF9AEF26FE2F80FF437CB11B510C00D4746A3A004104F81F0000C8E9000411E07F000020A703104480FF0100809C0E401001FE070000723A004104F81F0000C8E9000411E07F000020A703104480FF0100809C0E401001FE070000723A004104F81F0000C8E9000411E07F000020A703104480FF0100809C0E401001FE070000723A004104F81F0000C8E9000411E07F000020A703104480FF0100809C0E401001FE070000723A004104F81F0000C8E9000411E07F000020A703104480FF0100809C0E401001FE070000723A004104F81F0000C8E9000411E07F000020A703104480FF0100809C0E401001FE070000723A004104F81F0000C8E9000411E07F000020A703104480FF0100809C0E401001FE070000723A004104F81F0000C8E9000411E07F000020A703104480FF0100809C0E9076AE5576B3B21265E3944D54B65F598DCFB6D728934029F22CBF54964F9A34295A10B9FA6FF87183B2CB7DB6AFC6352451000020A703640B11AB0BB58DD182F4393D2F02F933BD5D2F651BAD6D5E523656D9692D6C7FA7EC8550286482E86265FFA3979BF73CA5E70F282BB5BE431FBD5E04FA1BD6F6CF58F357E22A9228000090D301328908DE515A801A112A82F86BCAB67BB6BD5CAFBF584FCDE8F1377C82A8B7B58DA3E7475AF3D33C9F3D5A4F8758DFE35BCA3EF4D91648A20000404E07C80872E0BFE111C632A27BD4DAA6BFB5FE756553943DA45F3F64D68D1933C62B8C97395D478C5D4B080FD2CB3ED4F3AF3BFE23C637E1269228000090D3017241180B5FB3B691F5773B9D47904B9318310EE9F9226BD960BDFDAB96A0DE63BD0F48A20000404E07C828233C2279B016AC033DDBF575CEF5019B36077BFB68C238DA88F11C1F712E9F236D192794CDB7B61D8C8B48A20000404E07C834FD9C73ED0B760BC3735144A919F56D76CE8D2A879CD823C6B7F8BCD708F17E3EC258DA2BCA9C7323D58F228C49A20000404E07C816576AF1F91B65FFE911C6F65D2A6474B88F47045FA9A78B2D615B1A2388ECBEE268EBA535E3056D89BE0F48A20000404E0748995E496CDB474FA5B7789773AECDE23A8F801D1347188F89B2CE886D69D5909EE2DFEAE55FD3CB6FC0553999306BC5DF716C2B7B0A0000610C401041A1FB7AB8B2B3B1847128142A654F010050D30108220882BFD7C410C64DC5C5C545EC2500006A3A00410441F0F7F068C2B8ACAC6C2C7B0800809A0E401041907CEED76BBC95D16200006A3A00410441F379975E637A8B0100A8E900041141144894105EC9683100405ED76FEE34048030863409E31BADDEE212F6080040DED56FEE3404803086748F36305A0C0090B7799C3B0D01208C214DBE1F3E6EDC38FC0F0090C7799C3B0D01208C213D480B85ABA70000909F759C3B0D01208C2145E471DFC7952DD053FAD00000F2B38E73A721008431A441149BC42923C6AD88630080FC843B0D01208C213DA238DE720000C87D61CC9D860010C690242571C4AF594F520500C8BF7ACE9D860010C690A4288E277A19390600C8712A2A2AFE29140ADDA36AF872657B95B559AD14FB756BC5FDB21D7B0B00610CFE62B72443DB03004016905BB029AB53B5FB74024FBD33B65EBDA792BD07803086EE8F00CBFBDA10C700003951ABAF8AF3308F44AC71E2C48983D89B0008634471CFBC1F00005224140AA9523DB9D516B9151515EE8F7FFC6377DDBA75EE9FFFFC67F7D34F3F758553A74EB9CDCDCDEEE6CD9BDD050B16B853A64CF18AE336468F0110C64124DE8576D9FE1C0000485E1497DAF7281641BC74E952B7A5A5C54D84E3C78F87B797F7799E8A77177B1700611C34519CAE3608468E0100B22F8A27DBA278CE9C39E1D1E1EE20EF9B3B77AE571C33720C80302E78BC17CE5DA06C9A9E2683F77D5C90070090BDDA7C95DD3E515D5D1D6997E82ED266F1F8E38F7BDB2A86B0B70110C6852E8A4B2D71FB9C32574F1315C7D1DE87380600C802FACE139191E25445B12D8E3D23C78DEC6D0084711044B1304D8B5B3709716C8B626353ADF5F41C03006456148FB57B8ABBDB3E11ABADC2EE39A6A50200615C684413AB7E22379638F6DB7E91CFF6F41C0300644E1847468BE5C2B94CB06CD932468D0110C6052D8A4B9210BB7EE2385151EC15C7B455000024217A957D25DA7A79529DB9E04E46758F1D3B9611612C77ABF0DCCAED2ABC038030CE771215A7F1C471B2A2D8FEFBAD0E23C7000009D75CDDBE50170A856EF4AED78F790E6FF3E4934FBA9944EE736C09E3FBF10E00C2B8104471A2A2349A38EED54D516CA0E718002049616CD91A7B0459BD5E6ED66DD8B021A3C2581E02627D8F5ABC0380300E8A288E258E3F4A4114A7FA7D0000822E8C2323C82290D5FC5EB32CDD17DD799127E459DFE120DE014018E723A98ED0FA89E35444B1571CD3730C0090A430B6EC33339FAE5BB4C5BA759BF5773BF00E4062418AE59829B72D48D1EDD23EE11D29FE482F4F8505F807C3302C3D960D3CB50500206F478CBB3B321B6BC43899878030620CD9468ED1EF58AF8BF4B29B13785F4594750394F5B65E0FD4DB5FE9B3ED20655394B52BBB49FFDD85DAE4F86FC64590C260D4D6502854AAAC8D11630080E445689B93991EE3EE88637A8C215BC2F81A2D5A5FD5C79D2C9BA8A72272FB28FBBDB685D6368B3DAF6FD29FF905FD7A84B237ACF5BFB1E62FD522DCDED67C9F919EEFF70DDC04490AE3B0202E2E2E2ED2EBE9310600E8A6384E668436DA2DD9FCEE4A918C38E6AE14900DE4F8EAA7AC41D932E77CDB8F9F1895754795BD6689DB173C42D7669416D4455AF4CA36033DDB5C63BDFF5BCAC6293BA1EC518FE01E8CAB204161DC244FB83382D85ACF5D2900005214C7F14469BCFB1427FB843CC37087FB1843E6E9AF8FC97BF4F442651B2D315AA685B08D2C1F1B657EA2E773E5F3A42DE2067D2C17E965760B4691F5FE795A5CCBFC6FF5F730DFE506DC05718471A711622FDCC718002035E28DD826FAF08E64C5B169E7188B0B200B987EE2611EA11A0DD976BDE33F62EC6D7F78DC39DF5BDCE49C1B8196915F69ADA8B6B6BD5C6F73D839376A6C8B657E1C425AE0C9770000A9136DE438D927DA252A8ECDDF431443B6906351CE4EDCA405EA2D4EE70BDFFEC767FB01D6716C62636C94CFBED239DF0A61467EBDAD1172E19F5C78F705BDFC16A76B9F732F5C05A922F734368275E9D2A51911C6CB962DB34571237B1D000A8D12A76B5BC33427F9FB14FB89E3A99EBF434F31649BFE3E62D68CFC5EEEF8DF49C26C632EB673F5B6867ECEF99165B3BD19391E6A896BA1AF16C2228C4D8FB2DDE74C3C403A85F158235A65D438DD17E1C9E7C9E75A0F17A964AF0340A18A63FB823C5BE426F3F08E68EFE3966CD0131469512AC7A48C10F7D6C7A65C5C276D0F216507ACED8D50B6FB8A875862F7A016C5669DDCE1C28C147FC1238C4DCB445F6B7B11E0A3F4F7B1478C5BF5770148192558D71BE13A67CE9CB4DDBA4D6ED13677EEDC4EA3C5D1FA9D01000A016F5B8588DAA94EF2B760F3BE2FD5FB270374172356FB5ACBEC7E6323848D80F55E0027EBBEA6E72FB4DE67D6FDDE735CCBB241CEF93326B778D6498CD132019916C657296B3502B6BABA3A65712CA2F8F1C71FB745715B5959D910F63600044D1CA78A5F9B0600006490502834D95C8867468EBBDB5621EFF38C14D342010088E31C10D9000090204AC056D9E2587A83E5823CB9AB44A2779F900BEDEC9E623125BA1F64EF0240D048B5FD81F60900801E46468E951DB785AD085DB9CFB13C044446834D9B85B44BC813EDE4E11DBFF8C52FDCAAAA2AEF93F6E491D355EC550008BA384E76C4970BED00007204E939B66FE3D64D6BA4A7180020F97608DA2700007253204FD002F96C3282584689B9FB040040F262571EF3CC13ED0000721879429E12C8F729C1BB5CD97E651D5A04CBF4A0B25A79CC334FB40300884E8916BD2531D6B7228A010000002008441B39A67D0200000000022F8E11C500000000107871BC00510C0000000041477A8A5D875BB20100000000385F6617000000000000000000000000000000000000000000000000000000000000000000000000000000000000000000004021F2FFBE154C329901E2EC0000000049454E44AE426082, '1');

-- ----------------------------
-- Table structure for act_ge_property
-- ----------------------------
DROP TABLE IF EXISTS `act_ge_property`;
CREATE TABLE `act_ge_property` (
  `NAME_` varchar(64) COLLATE utf8_bin NOT NULL DEFAULT '',
  `VALUE_` varchar(300) COLLATE utf8_bin DEFAULT NULL,
  `REV_` int(11) DEFAULT NULL,
  PRIMARY KEY (`NAME_`)
) ENGINE=InnoDB DEFAULT CHARSET=utf8 COLLATE=utf8_bin;

-- ----------------------------
-- Records of act_ge_property
-- ----------------------------
INSERT INTO `act_ge_property` VALUES ('cfg.execution-related-entities-count', 'false', '1');
INSERT INTO `act_ge_property` VALUES ('next.dbid', '20001', '9');
INSERT INTO `act_ge_property` VALUES ('schema.history', 'create(6.0.0.4)', '1');
INSERT INTO `act_ge_property` VALUES ('schema.version', '6.0.0.4', '1');

-- ----------------------------
-- Table structure for act_hi_actinst
-- ----------------------------
DROP TABLE IF EXISTS `act_hi_actinst`;
CREATE TABLE `act_hi_actinst` (
  `ID_` varchar(64) COLLATE utf8_bin NOT NULL,
  `PROC_DEF_ID_` varchar(64) COLLATE utf8_bin NOT NULL,
  `PROC_INST_ID_` varchar(64) COLLATE utf8_bin NOT NULL,
  `EXECUTION_ID_` varchar(64) COLLATE utf8_bin NOT NULL,
  `ACT_ID_` varchar(255) COLLATE utf8_bin NOT NULL,
  `TASK_ID_` varchar(64) COLLATE utf8_bin DEFAULT NULL,
  `CALL_PROC_INST_ID_` varchar(64) COLLATE utf8_bin DEFAULT NULL,
  `ACT_NAME_` varchar(255) COLLATE utf8_bin DEFAULT NULL,
  `ACT_TYPE_` varchar(255) COLLATE utf8_bin NOT NULL,
  `ASSIGNEE_` varchar(255) COLLATE utf8_bin DEFAULT NULL,
  `START_TIME_` datetime NOT NULL,
  `END_TIME_` datetime DEFAULT NULL,
  `DURATION_` bigint(20) DEFAULT NULL,
  `DELETE_REASON_` varchar(4000) COLLATE utf8_bin DEFAULT NULL,
  `TENANT_ID_` varchar(255) COLLATE utf8_bin DEFAULT '',
  PRIMARY KEY (`ID_`),
  KEY `ACT_IDX_HI_ACT_INST_START` (`START_TIME_`),
  KEY `ACT_IDX_HI_ACT_INST_END` (`END_TIME_`),
  KEY `ACT_IDX_HI_ACT_INST_PROCINST` (`PROC_INST_ID_`,`ACT_ID_`),
  KEY `ACT_IDX_HI_ACT_INST_EXEC` (`EXECUTION_ID_`,`ACT_ID_`)
) ENGINE=InnoDB DEFAULT CHARSET=utf8 COLLATE=utf8_bin;

-- ----------------------------
-- Records of act_hi_actinst
-- ----------------------------
INSERT INTO `act_hi_actinst` VALUES ('10005', 'leave:1:7504', '10001', '10004', 'startevent1', null, null, '', 'startEvent', null, '2020-07-11 22:21:08', '2020-07-11 22:21:08', '2', null, '');
INSERT INTO `act_hi_actinst` VALUES ('10006', 'leave:1:7504', '10001', '10004', 'verify-1', '10007', null, '', 'userTask', null, '2020-07-11 22:21:08', '2020-07-11 22:31:29', '621652', '', '');
INSERT INTO `act_hi_actinst` VALUES ('12505', 'leave:1:7504', '12501', '12504', 'startevent1', null, null, '', 'startEvent', null, '2020-07-11 22:32:07', '2020-07-11 22:32:07', '0', null, '');
INSERT INTO `act_hi_actinst` VALUES ('12506', 'leave:1:7504', '12501', '12504', 'verify-1', '12507', null, '', 'userTask', null, '2020-07-11 22:32:07', '2020-07-11 23:04:07', '1920762', '', '');
INSERT INTO `act_hi_actinst` VALUES ('15005', 'leave:1:7504', '15001', '15004', 'startevent1', null, null, '', 'startEvent', null, '2020-07-11 23:06:41', '2020-07-11 23:06:41', '1', null, '');
INSERT INTO `act_hi_actinst` VALUES ('15006', 'leave:1:7504', '15001', '15004', 'verify-1', '15007', null, '', 'userTask', null, '2020-07-11 23:06:41', '2020-07-11 23:07:51', '70551', '', '');
INSERT INTO `act_hi_actinst` VALUES ('15013', 'leave:1:7504', '15009', '15012', 'startevent1', null, null, '', 'startEvent', null, '2020-07-11 23:08:54', '2020-07-11 23:08:54', '0', null, '');
INSERT INTO `act_hi_actinst` VALUES ('15014', 'leave:1:7504', '15009', '15012', 'verify-1', '15015', null, '', 'userTask', 'axianlu', '2020-07-11 23:08:54', '2020-07-11 23:09:37', '43576', null, '');
INSERT INTO `act_hi_actinst` VALUES ('15021', 'leave:1:7504', '15009', '15012', 'exclusivegateway5', null, null, null, 'exclusiveGateway', null, '2020-07-11 23:09:37', '2020-07-11 23:09:37', '3', null, '');
INSERT INTO `act_hi_actinst` VALUES ('15022', 'leave:1:7504', '15009', '15012', 'verify-2', '15023', null, '', 'userTask', 'rensm', '2020-07-11 23:09:37', '2020-07-11 23:11:38', '121037', null, '');
INSERT INTO `act_hi_actinst` VALUES ('15027', 'leave:1:7504', '15009', '15012', 'exclusivegateway6', null, null, null, 'exclusiveGateway', null, '2020-07-11 23:11:38', '2020-07-11 23:11:38', '11', null, '');
INSERT INTO `act_hi_actinst` VALUES ('15028', 'leave:1:7504', '15009', '15012', 'modifyApply', '15029', null, '', 'userTask', 'chengxy', '2020-07-11 23:11:38', '2020-07-11 23:14:41', '183913', null, '');
INSERT INTO `act_hi_actinst` VALUES ('15031', 'leave:1:7504', '15009', '15012', 'exclusivegateway7', null, null, null, 'exclusiveGateway', null, '2020-07-11 23:14:41', '2020-07-11 23:14:41', '0', null, '');
INSERT INTO `act_hi_actinst` VALUES ('15032', 'leave:1:7504', '15009', '15012', 'verify-1', '15033', null, '', 'userTask', 'axianlu', '2020-07-11 23:14:41', '2020-07-11 23:15:05', '24176', null, '');
INSERT INTO `act_hi_actinst` VALUES ('15036', 'leave:1:7504', '15009', '15012', 'exclusivegateway5', null, null, null, 'exclusiveGateway', null, '2020-07-11 23:15:05', '2020-07-11 23:15:05', '0', null, '');
INSERT INTO `act_hi_actinst` VALUES ('15037', 'leave:1:7504', '15009', '15012', 'verify-2', '15038', null, '', 'userTask', 'rensm', '2020-07-11 23:15:05', '2020-07-11 23:15:26', '21395', null, '');
INSERT INTO `act_hi_actinst` VALUES ('15041', 'leave:1:7504', '15009', '15012', 'exclusivegateway6', null, null, null, 'exclusiveGateway', null, '2020-07-11 23:15:26', '2020-07-11 23:15:26', '0', null, '');
INSERT INTO `act_hi_actinst` VALUES ('15042', 'leave:1:7504', '15009', '15012', 'reportBack', '15043', null, '', 'userTask', 'chengxy', '2020-07-11 23:15:26', '2020-07-11 23:16:04', '38714', null, '');
INSERT INTO `act_hi_actinst` VALUES ('15046', 'leave:1:7504', '15009', '15012', 'endevent1', null, null, '', 'endEvent', null, '2020-07-11 23:16:04', '2020-07-11 23:16:04', '0', null, '');
INSERT INTO `act_hi_actinst` VALUES ('17505', 'leave:1:7504', '17501', '17504', 'startevent1', null, null, '', 'startEvent', null, '2020-07-11 23:35:16', '2020-07-11 23:35:16', '2', null, '');
INSERT INTO `act_hi_actinst` VALUES ('17506', 'leave:1:7504', '17501', '17504', 'verify-1', '17507', null, '', 'userTask', null, '2020-07-11 23:35:16', null, null, null, '');
INSERT INTO `act_hi_actinst` VALUES ('17513', 'leave:1:7504', '17509', '17512', 'startevent1', null, null, '', 'startEvent', null, '2020-07-11 23:35:18', '2020-07-11 23:35:18', '0', null, '');
INSERT INTO `act_hi_actinst` VALUES ('17514', 'leave:1:7504', '17509', '17512', 'verify-1', '17515', null, '', 'userTask', null, '2020-07-11 23:35:18', null, null, null, '');
INSERT INTO `act_hi_actinst` VALUES ('17521', 'leave:1:7504', '17517', '17520', 'startevent1', null, null, '', 'startEvent', null, '2020-07-11 23:35:20', '2020-07-11 23:35:20', '1', null, '');
INSERT INTO `act_hi_actinst` VALUES ('17522', 'leave:1:7504', '17517', '17520', 'verify-1', '17523', null, '', 'userTask', null, '2020-07-11 23:35:20', null, null, null, '');
INSERT INTO `act_hi_actinst` VALUES ('17529', 'leave:1:7504', '17525', '17528', 'startevent1', null, null, '', 'startEvent', null, '2020-07-11 23:35:22', '2020-07-11 23:35:22', '0', null, '');
INSERT INTO `act_hi_actinst` VALUES ('17530', 'leave:1:7504', '17525', '17528', 'verify-1', '17531', null, '', 'userTask', null, '2020-07-11 23:35:22', null, null, null, '');
INSERT INTO `act_hi_actinst` VALUES ('17537', 'leave:1:7504', '17533', '17536', 'startevent1', null, null, '', 'startEvent', null, '2020-07-11 23:35:24', '2020-07-11 23:35:24', '0', null, '');
INSERT INTO `act_hi_actinst` VALUES ('17538', 'leave:1:7504', '17533', '17536', 'verify-1', '17539', null, '', 'userTask', null, '2020-07-11 23:35:24', null, null, null, '');
INSERT INTO `act_hi_actinst` VALUES ('17545', 'leave:1:7504', '17541', '17544', 'startevent1', null, null, '', 'startEvent', null, '2020-07-11 23:35:26', '2020-07-11 23:35:26', '0', null, '');
INSERT INTO `act_hi_actinst` VALUES ('17546', 'leave:1:7504', '17541', '17544', 'verify-1', '17547', null, '', 'userTask', null, '2020-07-11 23:35:26', null, null, null, '');
INSERT INTO `act_hi_actinst` VALUES ('17553', 'leave:1:7504', '17549', '17552', 'startevent1', null, null, '', 'startEvent', null, '2020-07-11 23:35:28', '2020-07-11 23:35:28', '0', null, '');
INSERT INTO `act_hi_actinst` VALUES ('17554', 'leave:1:7504', '17549', '17552', 'verify-1', '17555', null, '', 'userTask', null, '2020-07-11 23:35:28', null, null, null, '');
INSERT INTO `act_hi_actinst` VALUES ('17561', 'leave:1:7504', '17557', '17560', 'startevent1', null, null, '', 'startEvent', null, '2020-07-11 23:35:32', '2020-07-11 23:35:32', '0', null, '');
INSERT INTO `act_hi_actinst` VALUES ('17562', 'leave:1:7504', '17557', '17560', 'verify-1', '17563', null, '', 'userTask', null, '2020-07-11 23:35:32', null, null, null, '');
INSERT INTO `act_hi_actinst` VALUES ('17569', 'leave:1:7504', '17565', '17568', 'startevent1', null, null, '', 'startEvent', null, '2020-07-11 23:39:34', '2020-07-11 23:39:34', '0', null, '');
INSERT INTO `act_hi_actinst` VALUES ('17570', 'leave:1:7504', '17565', '17568', 'verify-1', '17571', null, '', 'userTask', null, '2020-07-11 23:39:34', null, null, null, '');
INSERT INTO `act_hi_actinst` VALUES ('17577', 'leave:1:7504', '17573', '17576', 'startevent1', null, null, '', 'startEvent', null, '2020-07-11 23:39:36', '2020-07-11 23:39:36', '0', null, '');
INSERT INTO `act_hi_actinst` VALUES ('17578', 'leave:1:7504', '17573', '17576', 'verify-1', '17579', null, '', 'userTask', null, '2020-07-11 23:39:36', null, null, null, '');
INSERT INTO `act_hi_actinst` VALUES ('17585', 'leave:1:7504', '17581', '17584', 'startevent1', null, null, '', 'startEvent', null, '2020-07-11 23:39:38', '2020-07-11 23:39:38', '0', null, '');
INSERT INTO `act_hi_actinst` VALUES ('17586', 'leave:1:7504', '17581', '17584', 'verify-1', '17587', null, '', 'userTask', null, '2020-07-11 23:39:38', null, null, null, '');

-- ----------------------------
-- Table structure for act_hi_attachment
-- ----------------------------
DROP TABLE IF EXISTS `act_hi_attachment`;
CREATE TABLE `act_hi_attachment` (
  `ID_` varchar(64) COLLATE utf8_bin NOT NULL,
  `REV_` int(11) DEFAULT NULL,
  `USER_ID_` varchar(255) COLLATE utf8_bin DEFAULT NULL,
  `NAME_` varchar(255) COLLATE utf8_bin DEFAULT NULL,
  `DESCRIPTION_` varchar(4000) COLLATE utf8_bin DEFAULT NULL,
  `TYPE_` varchar(255) COLLATE utf8_bin DEFAULT NULL,
  `TASK_ID_` varchar(64) COLLATE utf8_bin DEFAULT NULL,
  `PROC_INST_ID_` varchar(64) COLLATE utf8_bin DEFAULT NULL,
  `URL_` varchar(4000) COLLATE utf8_bin DEFAULT NULL,
  `CONTENT_ID_` varchar(64) COLLATE utf8_bin DEFAULT NULL,
  `TIME_` datetime DEFAULT NULL,
  PRIMARY KEY (`ID_`)
) ENGINE=InnoDB DEFAULT CHARSET=utf8 COLLATE=utf8_bin;

-- ----------------------------
-- Records of act_hi_attachment
-- ----------------------------

-- ----------------------------
-- Table structure for act_hi_comment
-- ----------------------------
DROP TABLE IF EXISTS `act_hi_comment`;
CREATE TABLE `act_hi_comment` (
  `ID_` varchar(64) COLLATE utf8_bin NOT NULL,
  `TYPE_` varchar(255) COLLATE utf8_bin DEFAULT NULL,
  `TIME_` datetime NOT NULL,
  `USER_ID_` varchar(255) COLLATE utf8_bin DEFAULT NULL,
  `TASK_ID_` varchar(64) COLLATE utf8_bin DEFAULT NULL,
  `PROC_INST_ID_` varchar(64) COLLATE utf8_bin DEFAULT NULL,
  `ACTION_` varchar(255) COLLATE utf8_bin DEFAULT NULL,
  `MESSAGE_` varchar(4000) COLLATE utf8_bin DEFAULT NULL,
  `FULL_MSG_` longblob,
  PRIMARY KEY (`ID_`)
) ENGINE=InnoDB DEFAULT CHARSET=utf8 COLLATE=utf8_bin;

-- ----------------------------
-- Records of act_hi_comment
-- ----------------------------
INSERT INTO `act_hi_comment` VALUES ('15017', 'comment', '2020-07-11 23:09:37', 'axianlu', '15015', '15009', 'AddComment', '', 0xE38090E5908CE6848FE38091E5BE88E58FAF);
INSERT INTO `act_hi_comment` VALUES ('15025', 'comment', '2020-07-11 23:11:38', 'rensm', '15023', '15009', 'AddComment', '', 0xE38090E68B92E7BB9DE38091E4B88DE5908CE6848FE5958A);
INSERT INTO `act_hi_comment` VALUES ('15035', 'comment', '2020-07-11 23:15:05', 'axianlu', '15033', '15009', 'AddComment', '123', 0xE38090E5908CE6848FE38091313233);
INSERT INTO `act_hi_comment` VALUES ('15040', 'comment', '2020-07-11 23:15:26', 'rensm', '15038', '15009', 'AddComment', '222', 0xE38090E5908CE6848FE38091323232);

-- ----------------------------
-- Table structure for act_hi_detail
-- ----------------------------
DROP TABLE IF EXISTS `act_hi_detail`;
CREATE TABLE `act_hi_detail` (
  `ID_` varchar(64) COLLATE utf8_bin NOT NULL,
  `TYPE_` varchar(255) COLLATE utf8_bin NOT NULL,
  `PROC_INST_ID_` varchar(64) COLLATE utf8_bin DEFAULT NULL,
  `EXECUTION_ID_` varchar(64) COLLATE utf8_bin DEFAULT NULL,
  `TASK_ID_` varchar(64) COLLATE utf8_bin DEFAULT NULL,
  `ACT_INST_ID_` varchar(64) COLLATE utf8_bin DEFAULT NULL,
  `NAME_` varchar(255) COLLATE utf8_bin NOT NULL,
  `VAR_TYPE_` varchar(255) COLLATE utf8_bin DEFAULT NULL,
  `REV_` int(11) DEFAULT NULL,
  `TIME_` datetime NOT NULL,
  `BYTEARRAY_ID_` varchar(64) COLLATE utf8_bin DEFAULT NULL,
  `DOUBLE_` double DEFAULT NULL,
  `LONG_` bigint(20) DEFAULT NULL,
  `TEXT_` varchar(4000) COLLATE utf8_bin DEFAULT NULL,
  `TEXT2_` varchar(4000) COLLATE utf8_bin DEFAULT NULL,
  PRIMARY KEY (`ID_`),
  KEY `ACT_IDX_HI_DETAIL_PROC_INST` (`PROC_INST_ID_`),
  KEY `ACT_IDX_HI_DETAIL_ACT_INST` (`ACT_INST_ID_`),
  KEY `ACT_IDX_HI_DETAIL_TIME` (`TIME_`),
  KEY `ACT_IDX_HI_DETAIL_NAME` (`NAME_`),
  KEY `ACT_IDX_HI_DETAIL_TASK_ID` (`TASK_ID_`)
) ENGINE=InnoDB DEFAULT CHARSET=utf8 COLLATE=utf8_bin;

-- ----------------------------
-- Records of act_hi_detail
-- ----------------------------

-- ----------------------------
-- Table structure for act_hi_identitylink
-- ----------------------------
DROP TABLE IF EXISTS `act_hi_identitylink`;
CREATE TABLE `act_hi_identitylink` (
  `ID_` varchar(64) COLLATE utf8_bin NOT NULL DEFAULT '',
  `GROUP_ID_` varchar(255) COLLATE utf8_bin DEFAULT NULL,
  `TYPE_` varchar(255) COLLATE utf8_bin DEFAULT NULL,
  `USER_ID_` varchar(255) COLLATE utf8_bin DEFAULT NULL,
  `TASK_ID_` varchar(64) COLLATE utf8_bin DEFAULT NULL,
  `PROC_INST_ID_` varchar(64) COLLATE utf8_bin DEFAULT NULL,
  PRIMARY KEY (`ID_`),
  KEY `ACT_IDX_HI_IDENT_LNK_USER` (`USER_ID_`),
  KEY `ACT_IDX_HI_IDENT_LNK_TASK` (`TASK_ID_`),
  KEY `ACT_IDX_HI_IDENT_LNK_PROCINST` (`PROC_INST_ID_`)
) ENGINE=InnoDB DEFAULT CHARSET=utf8 COLLATE=utf8_bin;

-- ----------------------------
-- Records of act_hi_identitylink
-- ----------------------------
INSERT INTO `act_hi_identitylink` VALUES ('10003', null, 'starter', 'chengxy', null, '10001');
INSERT INTO `act_hi_identitylink` VALUES ('10008', 'deptLeader', 'candidate', null, '10007', null);
INSERT INTO `act_hi_identitylink` VALUES ('12503', null, 'starter', 'chengxy', null, '12501');
INSERT INTO `act_hi_identitylink` VALUES ('12508', 'deptLeader', 'candidate', null, '12507', null);
INSERT INTO `act_hi_identitylink` VALUES ('15003', null, 'starter', 'chengxy', null, '15001');
INSERT INTO `act_hi_identitylink` VALUES ('15008', 'deptLeader', 'candidate', null, '15007', null);
INSERT INTO `act_hi_identitylink` VALUES ('15011', null, 'starter', 'chengxy', null, '15009');
INSERT INTO `act_hi_identitylink` VALUES ('15016', 'deptLeader', 'candidate', null, '15015', null);
INSERT INTO `act_hi_identitylink` VALUES ('15020', null, 'participant', 'axianlu', null, '15009');
INSERT INTO `act_hi_identitylink` VALUES ('15024', 'hr', 'candidate', null, '15023', null);
INSERT INTO `act_hi_identitylink` VALUES ('15026', null, 'participant', 'rensm', null, '15009');
INSERT INTO `act_hi_identitylink` VALUES ('15034', 'deptLeader', 'candidate', null, '15033', null);
INSERT INTO `act_hi_identitylink` VALUES ('15039', 'hr', 'candidate', null, '15038', null);
INSERT INTO `act_hi_identitylink` VALUES ('17503', null, 'starter', 'chengxy', null, '17501');
INSERT INTO `act_hi_identitylink` VALUES ('17508', 'deptLeader', 'candidate', null, '17507', null);
INSERT INTO `act_hi_identitylink` VALUES ('17511', null, 'starter', 'chengxy', null, '17509');
INSERT INTO `act_hi_identitylink` VALUES ('17516', 'deptLeader', 'candidate', null, '17515', null);
INSERT INTO `act_hi_identitylink` VALUES ('17519', null, 'starter', 'chengxy', null, '17517');
INSERT INTO `act_hi_identitylink` VALUES ('17524', 'deptLeader', 'candidate', null, '17523', null);
INSERT INTO `act_hi_identitylink` VALUES ('17527', null, 'starter', 'chengxy', null, '17525');
INSERT INTO `act_hi_identitylink` VALUES ('17532', 'deptLeader', 'candidate', null, '17531', null);
INSERT INTO `act_hi_identitylink` VALUES ('17535', null, 'starter', 'chengxy', null, '17533');
INSERT INTO `act_hi_identitylink` VALUES ('17540', 'deptLeader', 'candidate', null, '17539', null);
INSERT INTO `act_hi_identitylink` VALUES ('17543', null, 'starter', 'chengxy', null, '17541');
INSERT INTO `act_hi_identitylink` VALUES ('17548', 'deptLeader', 'candidate', null, '17547', null);
INSERT INTO `act_hi_identitylink` VALUES ('17551', null, 'starter', 'chengxy', null, '17549');
INSERT INTO `act_hi_identitylink` VALUES ('17556', 'deptLeader', 'candidate', null, '17555', null);
INSERT INTO `act_hi_identitylink` VALUES ('17559', null, 'starter', 'chengxy', null, '17557');
INSERT INTO `act_hi_identitylink` VALUES ('17564', 'deptLeader', 'candidate', null, '17563', null);
INSERT INTO `act_hi_identitylink` VALUES ('17567', null, 'starter', 'chengxy', null, '17565');
INSERT INTO `act_hi_identitylink` VALUES ('17572', 'deptLeader', 'candidate', null, '17571', null);
INSERT INTO `act_hi_identitylink` VALUES ('17575', null, 'starter', 'chengxy', null, '17573');
INSERT INTO `act_hi_identitylink` VALUES ('17580', 'deptLeader', 'candidate', null, '17579', null);
INSERT INTO `act_hi_identitylink` VALUES ('17583', null, 'starter', 'chengxy', null, '17581');
INSERT INTO `act_hi_identitylink` VALUES ('17588', 'deptLeader', 'candidate', null, '17587', null);

-- ----------------------------
-- Table structure for act_hi_procinst
-- ----------------------------
DROP TABLE IF EXISTS `act_hi_procinst`;
CREATE TABLE `act_hi_procinst` (
  `ID_` varchar(64) COLLATE utf8_bin NOT NULL,
  `PROC_INST_ID_` varchar(64) COLLATE utf8_bin NOT NULL,
  `BUSINESS_KEY_` varchar(255) COLLATE utf8_bin DEFAULT NULL,
  `PROC_DEF_ID_` varchar(64) COLLATE utf8_bin NOT NULL,
  `START_TIME_` datetime NOT NULL,
  `END_TIME_` datetime DEFAULT NULL,
  `DURATION_` bigint(20) DEFAULT NULL,
  `START_USER_ID_` varchar(255) COLLATE utf8_bin DEFAULT NULL,
  `START_ACT_ID_` varchar(255) COLLATE utf8_bin DEFAULT NULL,
  `END_ACT_ID_` varchar(255) COLLATE utf8_bin DEFAULT NULL,
  `SUPER_PROCESS_INSTANCE_ID_` varchar(64) COLLATE utf8_bin DEFAULT NULL,
  `DELETE_REASON_` varchar(4000) COLLATE utf8_bin DEFAULT NULL,
  `TENANT_ID_` varchar(255) COLLATE utf8_bin DEFAULT '',
  `NAME_` varchar(255) COLLATE utf8_bin DEFAULT NULL,
  PRIMARY KEY (`ID_`),
  UNIQUE KEY `PROC_INST_ID_` (`PROC_INST_ID_`),
  KEY `ACT_IDX_HI_PRO_INST_END` (`END_TIME_`),
  KEY `ACT_IDX_HI_PRO_I_BUSKEY` (`BUSINESS_KEY_`)
) ENGINE=InnoDB DEFAULT CHARSET=utf8 COLLATE=utf8_bin;

-- ----------------------------
-- Records of act_hi_procinst
-- ----------------------------
INSERT INTO `act_hi_procinst` VALUES ('10001', '10001', '1', 'leave:1:7504', '2020-07-11 22:21:08', '2020-07-11 22:31:29', '621671', 'chengxy', 'startevent1', null, null, '', '', null);
INSERT INTO `act_hi_procinst` VALUES ('12501', '12501', '2', 'leave:1:7504', '2020-07-11 22:32:07', '2020-07-11 23:04:07', '1920776', 'chengxy', 'startevent1', null, null, '', '', null);
INSERT INTO `act_hi_procinst` VALUES ('15001', '15001', '3', 'leave:1:7504', '2020-07-11 23:06:41', '2020-07-11 23:07:51', '70558', 'chengxy', 'startevent1', null, null, '', '', null);
INSERT INTO `act_hi_procinst` VALUES ('15009', '15009', '4', 'leave:1:7504', '2020-07-11 23:08:54', '2020-07-11 23:16:04', '430720', 'chengxy', 'startevent1', 'endevent1', null, null, '', null);
INSERT INTO `act_hi_procinst` VALUES ('17501', '17501', '5', 'leave:1:7504', '2020-07-11 23:35:16', null, null, 'chengxy', 'startevent1', null, null, null, '', null);
INSERT INTO `act_hi_procinst` VALUES ('17509', '17509', '6', 'leave:1:7504', '2020-07-11 23:35:18', null, null, 'chengxy', 'startevent1', null, null, null, '', null);
INSERT INTO `act_hi_procinst` VALUES ('17517', '17517', '7', 'leave:1:7504', '2020-07-11 23:35:20', null, null, 'chengxy', 'startevent1', null, null, null, '', null);
INSERT INTO `act_hi_procinst` VALUES ('17525', '17525', '8', 'leave:1:7504', '2020-07-11 23:35:22', null, null, 'chengxy', 'startevent1', null, null, null, '', null);
INSERT INTO `act_hi_procinst` VALUES ('17533', '17533', '9', 'leave:1:7504', '2020-07-11 23:35:24', null, null, 'chengxy', 'startevent1', null, null, null, '', null);
INSERT INTO `act_hi_procinst` VALUES ('17541', '17541', '10', 'leave:1:7504', '2020-07-11 23:35:26', null, null, 'chengxy', 'startevent1', null, null, null, '', null);
INSERT INTO `act_hi_procinst` VALUES ('17549', '17549', '11', 'leave:1:7504', '2020-07-11 23:35:28', null, null, 'chengxy', 'startevent1', null, null, null, '', null);
INSERT INTO `act_hi_procinst` VALUES ('17557', '17557', '12', 'leave:1:7504', '2020-07-11 23:35:32', null, null, 'chengxy', 'startevent1', null, null, null, '', null);
INSERT INTO `act_hi_procinst` VALUES ('17565', '17565', '13', 'leave:1:7504', '2020-07-11 23:39:34', null, null, 'chengxy', 'startevent1', null, null, null, '', null);
INSERT INTO `act_hi_procinst` VALUES ('17573', '17573', '14', 'leave:1:7504', '2020-07-11 23:39:36', null, null, 'chengxy', 'startevent1', null, null, null, '', null);
INSERT INTO `act_hi_procinst` VALUES ('17581', '17581', '15', 'leave:1:7504', '2020-07-11 23:39:38', null, null, 'chengxy', 'startevent1', null, null, null, '', null);

-- ----------------------------
-- Table structure for act_hi_taskinst
-- ----------------------------
DROP TABLE IF EXISTS `act_hi_taskinst`;
CREATE TABLE `act_hi_taskinst` (
  `ID_` varchar(64) COLLATE utf8_bin NOT NULL,
  `PROC_DEF_ID_` varchar(64) COLLATE utf8_bin DEFAULT NULL,
  `TASK_DEF_KEY_` varchar(255) COLLATE utf8_bin DEFAULT NULL,
  `PROC_INST_ID_` varchar(64) COLLATE utf8_bin DEFAULT NULL,
  `EXECUTION_ID_` varchar(64) COLLATE utf8_bin DEFAULT NULL,
  `NAME_` varchar(255) COLLATE utf8_bin DEFAULT NULL,
  `PARENT_TASK_ID_` varchar(64) COLLATE utf8_bin DEFAULT NULL,
  `DESCRIPTION_` varchar(4000) COLLATE utf8_bin DEFAULT NULL,
  `OWNER_` varchar(255) COLLATE utf8_bin DEFAULT NULL,
  `ASSIGNEE_` varchar(255) COLLATE utf8_bin DEFAULT NULL,
  `START_TIME_` datetime NOT NULL,
  `CLAIM_TIME_` datetime DEFAULT NULL,
  `END_TIME_` datetime DEFAULT NULL,
  `DURATION_` bigint(20) DEFAULT NULL,
  `DELETE_REASON_` varchar(4000) COLLATE utf8_bin DEFAULT NULL,
  `PRIORITY_` int(11) DEFAULT NULL,
  `DUE_DATE_` datetime DEFAULT NULL,
  `FORM_KEY_` varchar(255) COLLATE utf8_bin DEFAULT NULL,
  `CATEGORY_` varchar(255) COLLATE utf8_bin DEFAULT NULL,
  `TENANT_ID_` varchar(255) COLLATE utf8_bin DEFAULT '',
  PRIMARY KEY (`ID_`),
  KEY `ACT_IDX_HI_TASK_INST_PROCINST` (`PROC_INST_ID_`)
) ENGINE=InnoDB DEFAULT CHARSET=utf8 COLLATE=utf8_bin;

-- ----------------------------
-- Records of act_hi_taskinst
-- ----------------------------
INSERT INTO `act_hi_taskinst` VALUES ('10007', 'leave:1:7504', 'verify-1', '10001', '10004', '', null, null, null, null, '2020-07-11 22:21:08', null, '2020-07-11 22:31:29', '621648', '', '50', null, null, null, '');
INSERT INTO `act_hi_taskinst` VALUES ('12507', 'leave:1:7504', 'verify-1', '12501', '12504', '', null, null, null, null, '2020-07-11 22:32:07', null, '2020-07-11 23:04:07', '1920759', '', '50', null, null, null, '');
INSERT INTO `act_hi_taskinst` VALUES ('15007', 'leave:1:7504', 'verify-1', '15001', '15004', '', null, null, null, null, '2020-07-11 23:06:41', null, '2020-07-11 23:07:51', '70549', '', '50', null, null, null, '');
INSERT INTO `act_hi_taskinst` VALUES ('15015', 'leave:1:7504', 'verify-1', '15009', '15012', '', null, null, null, 'axianlu', '2020-07-11 23:08:54', '2020-07-11 23:09:37', '2020-07-11 23:09:37', '43574', null, '50', null, null, null, '');
INSERT INTO `act_hi_taskinst` VALUES ('15023', 'leave:1:7504', 'verify-2', '15009', '15012', '', null, null, null, 'rensm', '2020-07-11 23:09:37', '2020-07-11 23:11:38', '2020-07-11 23:11:38', '121036', null, '50', null, null, null, '');
INSERT INTO `act_hi_taskinst` VALUES ('15029', 'leave:1:7504', 'modifyApply', '15009', '15012', '', null, null, null, 'chengxy', '2020-07-11 23:11:38', '2020-07-11 23:14:41', '2020-07-11 23:14:41', '183912', null, '50', null, null, null, '');
INSERT INTO `act_hi_taskinst` VALUES ('15033', 'leave:1:7504', 'verify-1', '15009', '15012', '', null, null, null, 'axianlu', '2020-07-11 23:14:41', '2020-07-11 23:15:05', '2020-07-11 23:15:05', '24175', null, '50', null, null, null, '');
INSERT INTO `act_hi_taskinst` VALUES ('15038', 'leave:1:7504', 'verify-2', '15009', '15012', '', null, null, null, 'rensm', '2020-07-11 23:15:05', '2020-07-11 23:15:26', '2020-07-11 23:15:26', '21393', null, '50', null, null, null, '');
INSERT INTO `act_hi_taskinst` VALUES ('15043', 'leave:1:7504', 'reportBack', '15009', '15012', '', null, null, null, 'chengxy', '2020-07-11 23:15:26', '2020-07-11 23:16:04', '2020-07-11 23:16:04', '38712', null, '50', null, null, null, '');
INSERT INTO `act_hi_taskinst` VALUES ('17507', 'leave:1:7504', 'verify-1', '17501', '17504', '', null, null, null, null, '2020-07-11 23:35:16', null, null, null, null, '50', null, null, null, '');
INSERT INTO `act_hi_taskinst` VALUES ('17515', 'leave:1:7504', 'verify-1', '17509', '17512', '', null, null, null, null, '2020-07-11 23:35:18', null, null, null, null, '50', null, null, null, '');
INSERT INTO `act_hi_taskinst` VALUES ('17523', 'leave:1:7504', 'verify-1', '17517', '17520', '', null, null, null, null, '2020-07-11 23:35:20', null, null, null, null, '50', null, null, null, '');
INSERT INTO `act_hi_taskinst` VALUES ('17531', 'leave:1:7504', 'verify-1', '17525', '17528', '', null, null, null, null, '2020-07-11 23:35:22', null, null, null, null, '50', null, null, null, '');
INSERT INTO `act_hi_taskinst` VALUES ('17539', 'leave:1:7504', 'verify-1', '17533', '17536', '', null, null, null, null, '2020-07-11 23:35:24', null, null, null, null, '50', null, null, null, '');
INSERT INTO `act_hi_taskinst` VALUES ('17547', 'leave:1:7504', 'verify-1', '17541', '17544', '', null, null, null, null, '2020-07-11 23:35:26', null, null, null, null, '50', null, null, null, '');
INSERT INTO `act_hi_taskinst` VALUES ('17555', 'leave:1:7504', 'verify-1', '17549', '17552', '', null, null, null, null, '2020-07-11 23:35:28', null, null, null, null, '50', null, null, null, '');
INSERT INTO `act_hi_taskinst` VALUES ('17563', 'leave:1:7504', 'verify-1', '17557', '17560', '', null, null, null, null, '2020-07-11 23:35:32', null, null, null, null, '50', null, null, null, '');
INSERT INTO `act_hi_taskinst` VALUES ('17571', 'leave:1:7504', 'verify-1', '17565', '17568', '', null, null, null, null, '2020-07-11 23:39:34', null, null, null, null, '50', null, null, null, '');
INSERT INTO `act_hi_taskinst` VALUES ('17579', 'leave:1:7504', 'verify-1', '17573', '17576', '', null, null, null, null, '2020-07-11 23:39:36', null, null, null, null, '50', null, null, null, '');
INSERT INTO `act_hi_taskinst` VALUES ('17587', 'leave:1:7504', 'verify-1', '17581', '17584', '', null, null, null, null, '2020-07-11 23:39:38', null, null, null, null, '50', null, null, null, '');

-- ----------------------------
-- Table structure for act_hi_varinst
-- ----------------------------
DROP TABLE IF EXISTS `act_hi_varinst`;
CREATE TABLE `act_hi_varinst` (
  `ID_` varchar(64) COLLATE utf8_bin NOT NULL,
  `PROC_INST_ID_` varchar(64) COLLATE utf8_bin DEFAULT NULL,
  `EXECUTION_ID_` varchar(64) COLLATE utf8_bin DEFAULT NULL,
  `TASK_ID_` varchar(64) COLLATE utf8_bin DEFAULT NULL,
  `NAME_` varchar(255) COLLATE utf8_bin NOT NULL,
  `VAR_TYPE_` varchar(100) COLLATE utf8_bin DEFAULT NULL,
  `REV_` int(11) DEFAULT NULL,
  `BYTEARRAY_ID_` varchar(64) COLLATE utf8_bin DEFAULT NULL,
  `DOUBLE_` double DEFAULT NULL,
  `LONG_` bigint(20) DEFAULT NULL,
  `TEXT_` varchar(4000) COLLATE utf8_bin DEFAULT NULL,
  `TEXT2_` varchar(4000) COLLATE utf8_bin DEFAULT NULL,
  `CREATE_TIME_` datetime DEFAULT NULL,
  `LAST_UPDATED_TIME_` datetime DEFAULT NULL,
  PRIMARY KEY (`ID_`),
  KEY `ACT_IDX_HI_PROCVAR_PROC_INST` (`PROC_INST_ID_`),
  KEY `ACT_IDX_HI_PROCVAR_NAME_TYPE` (`NAME_`,`VAR_TYPE_`),
  KEY `ACT_IDX_HI_PROCVAR_TASK_ID` (`TASK_ID_`)
) ENGINE=InnoDB DEFAULT CHARSET=utf8 COLLATE=utf8_bin;

-- ----------------------------
-- Records of act_hi_varinst
-- ----------------------------
INSERT INTO `act_hi_varinst` VALUES ('10002', '10001', '10001', null, 'applyUserId', 'string', '0', null, null, null, 'chengxy', null, '2020-07-11 22:21:08', '2020-07-11 22:21:08');
INSERT INTO `act_hi_varinst` VALUES ('12502', '12501', '12501', null, 'applyUserId', 'string', '0', null, null, null, 'chengxy', null, '2020-07-11 22:32:07', '2020-07-11 22:32:07');
INSERT INTO `act_hi_varinst` VALUES ('15002', '15001', '15001', null, 'applyUserId', 'string', '0', null, null, null, 'chengxy', null, '2020-07-11 23:06:41', '2020-07-11 23:06:41');
INSERT INTO `act_hi_varinst` VALUES ('15010', '15009', '15009', null, 'applyUserId', 'string', '0', null, null, null, 'chengxy', null, '2020-07-11 23:08:54', '2020-07-11 23:08:54');
INSERT INTO `act_hi_varinst` VALUES ('15018', '15009', '15009', null, 'pass', 'boolean', '7', null, null, '1', null, null, '2020-07-11 23:09:37', '2020-07-11 23:15:26');
INSERT INTO `act_hi_varinst` VALUES ('15019', '15009', '15009', null, 'comment', 'string', '7', null, null, null, '222', null, '2020-07-11 23:09:37', '2020-07-11 23:15:26');
INSERT INTO `act_hi_varinst` VALUES ('15030', '15009', '15009', null, 'reApply', 'boolean', '1', null, null, '1', null, null, '2020-07-11 23:14:41', '2020-07-11 23:14:41');
INSERT INTO `act_hi_varinst` VALUES ('15044', '15009', '15009', null, 'realityEndTime', 'date', '1', null, null, '1594569300000', null, null, '2020-07-11 23:16:04', '2020-07-11 23:16:04');
INSERT INTO `act_hi_varinst` VALUES ('15045', '15009', '15009', null, 'realityStartTime', 'date', '1', null, null, '1594482900000', null, null, '2020-07-11 23:16:04', '2020-07-11 23:16:04');
INSERT INTO `act_hi_varinst` VALUES ('17502', '17501', '17501', null, 'applyUserId', 'string', '0', null, null, null, 'chengxy', null, '2020-07-11 23:35:16', '2020-07-11 23:35:16');
INSERT INTO `act_hi_varinst` VALUES ('17510', '17509', '17509', null, 'applyUserId', 'string', '0', null, null, null, 'chengxy', null, '2020-07-11 23:35:18', '2020-07-11 23:35:18');
INSERT INTO `act_hi_varinst` VALUES ('17518', '17517', '17517', null, 'applyUserId', 'string', '0', null, null, null, 'chengxy', null, '2020-07-11 23:35:20', '2020-07-11 23:35:20');
INSERT INTO `act_hi_varinst` VALUES ('17526', '17525', '17525', null, 'applyUserId', 'string', '0', null, null, null, 'chengxy', null, '2020-07-11 23:35:22', '2020-07-11 23:35:22');
INSERT INTO `act_hi_varinst` VALUES ('17534', '17533', '17533', null, 'applyUserId', 'string', '0', null, null, null, 'chengxy', null, '2020-07-11 23:35:24', '2020-07-11 23:35:24');
INSERT INTO `act_hi_varinst` VALUES ('17542', '17541', '17541', null, 'applyUserId', 'string', '0', null, null, null, 'chengxy', null, '2020-07-11 23:35:26', '2020-07-11 23:35:26');
INSERT INTO `act_hi_varinst` VALUES ('17550', '17549', '17549', null, 'applyUserId', 'string', '0', null, null, null, 'chengxy', null, '2020-07-11 23:35:28', '2020-07-11 23:35:28');
INSERT INTO `act_hi_varinst` VALUES ('17558', '17557', '17557', null, 'applyUserId', 'string', '0', null, null, null, 'chengxy', null, '2020-07-11 23:35:32', '2020-07-11 23:35:32');
INSERT INTO `act_hi_varinst` VALUES ('17566', '17565', '17565', null, 'applyUserId', 'string', '0', null, null, null, 'chengxy', null, '2020-07-11 23:39:34', '2020-07-11 23:39:34');
INSERT INTO `act_hi_varinst` VALUES ('17574', '17573', '17573', null, 'applyUserId', 'string', '0', null, null, null, 'chengxy', null, '2020-07-11 23:39:36', '2020-07-11 23:39:36');
INSERT INTO `act_hi_varinst` VALUES ('17582', '17581', '17581', null, 'applyUserId', 'string', '0', null, null, null, 'chengxy', null, '2020-07-11 23:39:38', '2020-07-11 23:39:38');

-- ----------------------------
-- Table structure for act_procdef_info
-- ----------------------------
DROP TABLE IF EXISTS `act_procdef_info`;
CREATE TABLE `act_procdef_info` (
  `ID_` varchar(64) COLLATE utf8_bin NOT NULL,
  `PROC_DEF_ID_` varchar(64) COLLATE utf8_bin NOT NULL,
  `REV_` int(11) DEFAULT NULL,
  `INFO_JSON_ID_` varchar(64) COLLATE utf8_bin DEFAULT NULL,
  PRIMARY KEY (`ID_`),
  UNIQUE KEY `ACT_UNIQ_INFO_PROCDEF` (`PROC_DEF_ID_`),
  KEY `ACT_IDX_INFO_PROCDEF` (`PROC_DEF_ID_`),
  KEY `ACT_FK_INFO_JSON_BA` (`INFO_JSON_ID_`),
  CONSTRAINT `ACT_FK_INFO_PROCDEF` FOREIGN KEY (`PROC_DEF_ID_`) REFERENCES `act_re_procdef` (`ID_`),
  CONSTRAINT `ACT_FK_INFO_JSON_BA` FOREIGN KEY (`INFO_JSON_ID_`) REFERENCES `act_ge_bytearray` (`ID_`)
) ENGINE=InnoDB DEFAULT CHARSET=utf8 COLLATE=utf8_bin;

-- ----------------------------
-- Records of act_procdef_info
-- ----------------------------

-- ----------------------------
-- Table structure for act_re_deployment
-- ----------------------------
DROP TABLE IF EXISTS `act_re_deployment`;
CREATE TABLE `act_re_deployment` (
  `ID_` varchar(64) COLLATE utf8_bin NOT NULL DEFAULT '',
  `NAME_` varchar(255) COLLATE utf8_bin DEFAULT NULL,
  `CATEGORY_` varchar(255) COLLATE utf8_bin DEFAULT NULL,
  `KEY_` varchar(255) COLLATE utf8_bin DEFAULT NULL,
  `TENANT_ID_` varchar(255) COLLATE utf8_bin DEFAULT '',
  `DEPLOY_TIME_` timestamp NULL DEFAULT NULL,
  `ENGINE_VERSION_` varchar(255) COLLATE utf8_bin DEFAULT NULL,
  PRIMARY KEY (`ID_`)
) ENGINE=InnoDB DEFAULT CHARSET=utf8 COLLATE=utf8_bin;

-- ----------------------------
-- Records of act_re_deployment
-- ----------------------------
INSERT INTO `act_re_deployment` VALUES ('7501', '-', null, null, '', '2020-07-11 22:03:09', null);

-- ----------------------------
-- Table structure for act_re_model
-- ----------------------------
DROP TABLE IF EXISTS `act_re_model`;
CREATE TABLE `act_re_model` (
  `ID_` varchar(64) COLLATE utf8_bin NOT NULL,
  `REV_` int(11) DEFAULT NULL,
  `NAME_` varchar(255) COLLATE utf8_bin DEFAULT NULL,
  `KEY_` varchar(255) COLLATE utf8_bin DEFAULT NULL,
  `CATEGORY_` varchar(255) COLLATE utf8_bin DEFAULT NULL,
  `CREATE_TIME_` timestamp NULL DEFAULT NULL,
  `LAST_UPDATE_TIME_` timestamp NULL DEFAULT NULL,
  `VERSION_` int(11) DEFAULT NULL,
  `META_INFO_` varchar(4000) COLLATE utf8_bin DEFAULT NULL,
  `DEPLOYMENT_ID_` varchar(64) COLLATE utf8_bin DEFAULT NULL,
  `EDITOR_SOURCE_VALUE_ID_` varchar(64) COLLATE utf8_bin DEFAULT NULL,
  `EDITOR_SOURCE_EXTRA_VALUE_ID_` varchar(64) COLLATE utf8_bin DEFAULT NULL,
  `TENANT_ID_` varchar(255) COLLATE utf8_bin DEFAULT '',
  PRIMARY KEY (`ID_`),
  KEY `ACT_FK_MODEL_SOURCE` (`EDITOR_SOURCE_VALUE_ID_`),
  KEY `ACT_FK_MODEL_SOURCE_EXTRA` (`EDITOR_SOURCE_EXTRA_VALUE_ID_`),
  KEY `ACT_FK_MODEL_DEPLOYMENT` (`DEPLOYMENT_ID_`),
  CONSTRAINT `ACT_FK_MODEL_DEPLOYMENT` FOREIGN KEY (`DEPLOYMENT_ID_`) REFERENCES `act_re_deployment` (`ID_`),
  CONSTRAINT `ACT_FK_MODEL_SOURCE` FOREIGN KEY (`EDITOR_SOURCE_VALUE_ID_`) REFERENCES `act_ge_bytearray` (`ID_`),
  CONSTRAINT `ACT_FK_MODEL_SOURCE_EXTRA` FOREIGN KEY (`EDITOR_SOURCE_EXTRA_VALUE_ID_`) REFERENCES `act_ge_bytearray` (`ID_`)
) ENGINE=InnoDB DEFAULT CHARSET=utf8 COLLATE=utf8_bin;

-- ----------------------------
-- Records of act_re_model
-- ----------------------------
INSERT INTO `act_re_model` VALUES ('5005', '6', '-', 'leave', '5001', '2020-07-11 21:08:01', '2020-07-11 21:14:31', '1', '{\"name\":\"-\",\"revision\":1,\"description\":\"\"}', null, '5006', '5007', '');

-- ----------------------------
-- Table structure for act_re_procdef
-- ----------------------------
DROP TABLE IF EXISTS `act_re_procdef`;
CREATE TABLE `act_re_procdef` (
  `ID_` varchar(64) COLLATE utf8_bin NOT NULL,
  `REV_` int(11) DEFAULT NULL,
  `CATEGORY_` varchar(255) COLLATE utf8_bin DEFAULT NULL,
  `NAME_` varchar(255) COLLATE utf8_bin DEFAULT NULL,
  `KEY_` varchar(255) COLLATE utf8_bin NOT NULL,
  `VERSION_` int(11) NOT NULL,
  `DEPLOYMENT_ID_` varchar(64) COLLATE utf8_bin DEFAULT NULL,
  `RESOURCE_NAME_` varchar(4000) COLLATE utf8_bin DEFAULT NULL,
  `DGRM_RESOURCE_NAME_` varchar(4000) COLLATE utf8_bin DEFAULT NULL,
  `DESCRIPTION_` varchar(4000) COLLATE utf8_bin DEFAULT NULL,
  `HAS_START_FORM_KEY_` tinyint(4) DEFAULT NULL,
  `HAS_GRAPHICAL_NOTATION_` tinyint(4) DEFAULT NULL,
  `SUSPENSION_STATE_` int(11) DEFAULT NULL,
  `TENANT_ID_` varchar(255) COLLATE utf8_bin DEFAULT '',
  `ENGINE_VERSION_` varchar(255) COLLATE utf8_bin DEFAULT NULL,
  PRIMARY KEY (`ID_`),
  UNIQUE KEY `ACT_UNIQ_PROCDEF` (`KEY_`,`VERSION_`,`TENANT_ID_`)
) ENGINE=InnoDB DEFAULT CHARSET=utf8 COLLATE=utf8_bin;

-- ----------------------------
-- Records of act_re_procdef
-- ----------------------------
INSERT INTO `act_re_procdef` VALUES ('leave:1:7504', '1', 'http://www.xianlutech.com', '-', 'leave', '1', '7501', '-.bpmn20.xml', '-.leave.png', '', '0', '1', '1', '', null);

-- ----------------------------
-- Table structure for act_ru_deadletter_job
-- ----------------------------
DROP TABLE IF EXISTS `act_ru_deadletter_job`;
CREATE TABLE `act_ru_deadletter_job` (
  `ID_` varchar(64) COLLATE utf8_bin NOT NULL,
  `REV_` int(11) DEFAULT NULL,
  `TYPE_` varchar(255) COLLATE utf8_bin NOT NULL,
  `EXCLUSIVE_` tinyint(1) DEFAULT NULL,
  `EXECUTION_ID_` varchar(64) COLLATE utf8_bin DEFAULT NULL,
  `PROCESS_INSTANCE_ID_` varchar(64) COLLATE utf8_bin DEFAULT NULL,
  `PROC_DEF_ID_` varchar(64) COLLATE utf8_bin DEFAULT NULL,
  `EXCEPTION_STACK_ID_` varchar(64) COLLATE utf8_bin DEFAULT NULL,
  `EXCEPTION_MSG_` varchar(4000) COLLATE utf8_bin DEFAULT NULL,
  `DUEDATE_` timestamp NULL DEFAULT NULL,
  `REPEAT_` varchar(255) COLLATE utf8_bin DEFAULT NULL,
  `HANDLER_TYPE_` varchar(255) COLLATE utf8_bin DEFAULT NULL,
  `HANDLER_CFG_` varchar(4000) COLLATE utf8_bin DEFAULT NULL,
  `TENANT_ID_` varchar(255) COLLATE utf8_bin DEFAULT '',
  PRIMARY KEY (`ID_`),
  KEY `ACT_FK_DEADLETTER_JOB_EXECUTION` (`EXECUTION_ID_`),
  KEY `ACT_FK_DEADLETTER_JOB_PROCESS_INSTANCE` (`PROCESS_INSTANCE_ID_`),
  KEY `ACT_FK_DEADLETTER_JOB_PROC_DEF` (`PROC_DEF_ID_`),
  KEY `ACT_FK_DEADLETTER_JOB_EXCEPTION` (`EXCEPTION_STACK_ID_`),
  CONSTRAINT `ACT_FK_DEADLETTER_JOB_EXCEPTION` FOREIGN KEY (`EXCEPTION_STACK_ID_`) REFERENCES `act_ge_bytearray` (`ID_`),
  CONSTRAINT `ACT_FK_DEADLETTER_JOB_EXECUTION` FOREIGN KEY (`EXECUTION_ID_`) REFERENCES `act_ru_execution` (`ID_`),
  CONSTRAINT `ACT_FK_DEADLETTER_JOB_PROCESS_INSTANCE` FOREIGN KEY (`PROCESS_INSTANCE_ID_`) REFERENCES `act_ru_execution` (`ID_`),
  CONSTRAINT `ACT_FK_DEADLETTER_JOB_PROC_DEF` FOREIGN KEY (`PROC_DEF_ID_`) REFERENCES `act_re_procdef` (`ID_`)
) ENGINE=InnoDB DEFAULT CHARSET=utf8 COLLATE=utf8_bin;

-- ----------------------------
-- Records of act_ru_deadletter_job
-- ----------------------------

-- ----------------------------
-- Table structure for act_ru_event_subscr
-- ----------------------------
DROP TABLE IF EXISTS `act_ru_event_subscr`;
CREATE TABLE `act_ru_event_subscr` (
  `ID_` varchar(64) COLLATE utf8_bin NOT NULL,
  `REV_` int(11) DEFAULT NULL,
  `EVENT_TYPE_` varchar(255) COLLATE utf8_bin NOT NULL,
  `EVENT_NAME_` varchar(255) COLLATE utf8_bin DEFAULT NULL,
  `EXECUTION_ID_` varchar(64) COLLATE utf8_bin DEFAULT NULL,
  `PROC_INST_ID_` varchar(64) COLLATE utf8_bin DEFAULT NULL,
  `ACTIVITY_ID_` varchar(64) COLLATE utf8_bin DEFAULT NULL,
  `CONFIGURATION_` varchar(255) COLLATE utf8_bin DEFAULT NULL,
  `CREATED_` timestamp NOT NULL DEFAULT CURRENT_TIMESTAMP,
  `PROC_DEF_ID_` varchar(64) COLLATE utf8_bin DEFAULT NULL,
  `TENANT_ID_` varchar(255) COLLATE utf8_bin DEFAULT '',
  PRIMARY KEY (`ID_`),
  KEY `ACT_IDX_EVENT_SUBSCR_CONFIG_` (`CONFIGURATION_`),
  KEY `ACT_FK_EVENT_EXEC` (`EXECUTION_ID_`),
  CONSTRAINT `ACT_FK_EVENT_EXEC` FOREIGN KEY (`EXECUTION_ID_`) REFERENCES `act_ru_execution` (`ID_`)
) ENGINE=InnoDB DEFAULT CHARSET=utf8 COLLATE=utf8_bin;

-- ----------------------------
-- Records of act_ru_event_subscr
-- ----------------------------

-- ----------------------------
-- Table structure for act_ru_execution
-- ----------------------------
DROP TABLE IF EXISTS `act_ru_execution`;
CREATE TABLE `act_ru_execution` (
  `ID_` varchar(64) COLLATE utf8_bin NOT NULL DEFAULT '',
  `REV_` int(11) DEFAULT NULL,
  `PROC_INST_ID_` varchar(64) COLLATE utf8_bin DEFAULT NULL,
  `BUSINESS_KEY_` varchar(255) COLLATE utf8_bin DEFAULT NULL,
  `PARENT_ID_` varchar(64) COLLATE utf8_bin DEFAULT NULL,
  `PROC_DEF_ID_` varchar(64) COLLATE utf8_bin DEFAULT NULL,
  `SUPER_EXEC_` varchar(64) COLLATE utf8_bin DEFAULT NULL,
  `ROOT_PROC_INST_ID_` varchar(64) COLLATE utf8_bin DEFAULT NULL,
  `ACT_ID_` varchar(255) COLLATE utf8_bin DEFAULT NULL,
  `IS_ACTIVE_` tinyint(4) DEFAULT NULL,
  `IS_CONCURRENT_` tinyint(4) DEFAULT NULL,
  `IS_SCOPE_` tinyint(4) DEFAULT NULL,
  `IS_EVENT_SCOPE_` tinyint(4) DEFAULT NULL,
  `IS_MI_ROOT_` tinyint(4) DEFAULT NULL,
  `SUSPENSION_STATE_` int(11) DEFAULT NULL,
  `CACHED_ENT_STATE_` int(11) DEFAULT NULL,
  `TENANT_ID_` varchar(255) COLLATE utf8_bin DEFAULT '',
  `NAME_` varchar(255) COLLATE utf8_bin DEFAULT NULL,
  `START_TIME_` datetime DEFAULT NULL,
  `START_USER_ID_` varchar(255) COLLATE utf8_bin DEFAULT NULL,
  `LOCK_TIME_` timestamp NULL DEFAULT NULL,
  `IS_COUNT_ENABLED_` tinyint(4) DEFAULT NULL,
  `EVT_SUBSCR_COUNT_` int(11) DEFAULT NULL,
  `TASK_COUNT_` int(11) DEFAULT NULL,
  `JOB_COUNT_` int(11) DEFAULT NULL,
  `TIMER_JOB_COUNT_` int(11) DEFAULT NULL,
  `SUSP_JOB_COUNT_` int(11) DEFAULT NULL,
  `DEADLETTER_JOB_COUNT_` int(11) DEFAULT NULL,
  `VAR_COUNT_` int(11) DEFAULT NULL,
  `ID_LINK_COUNT_` int(11) DEFAULT NULL,
  PRIMARY KEY (`ID_`),
  KEY `ACT_IDX_EXEC_BUSKEY` (`BUSINESS_KEY_`),
  KEY `ACT_IDC_EXEC_ROOT` (`ROOT_PROC_INST_ID_`),
  KEY `ACT_FK_EXE_PROCINST` (`PROC_INST_ID_`),
  KEY `ACT_FK_EXE_PARENT` (`PARENT_ID_`),
  KEY `ACT_FK_EXE_SUPER` (`SUPER_EXEC_`),
  KEY `ACT_FK_EXE_PROCDEF` (`PROC_DEF_ID_`),
  CONSTRAINT `ACT_FK_EXE_PROCDEF` FOREIGN KEY (`PROC_DEF_ID_`) REFERENCES `act_re_procdef` (`ID_`),
  CONSTRAINT `ACT_FK_EXE_PARENT` FOREIGN KEY (`PARENT_ID_`) REFERENCES `act_ru_execution` (`ID_`) ON DELETE CASCADE,
  CONSTRAINT `ACT_FK_EXE_PROCINST` FOREIGN KEY (`PROC_INST_ID_`) REFERENCES `act_ru_execution` (`ID_`) ON DELETE CASCADE ON UPDATE CASCADE,
  CONSTRAINT `ACT_FK_EXE_SUPER` FOREIGN KEY (`SUPER_EXEC_`) REFERENCES `act_ru_execution` (`ID_`) ON DELETE CASCADE
) ENGINE=InnoDB DEFAULT CHARSET=utf8 COLLATE=utf8_bin;

-- ----------------------------
-- Records of act_ru_execution
-- ----------------------------
INSERT INTO `act_ru_execution` VALUES ('17501', '1', '17501', '5', null, 'leave:1:7504', null, '17501', null, '1', '0', '1', '0', '0', '1', null, '', null, '2020-07-11 23:35:16', 'chengxy', null, '0', '0', '0', '0', '0', '0', '0', '0', '0');
INSERT INTO `act_ru_execution` VALUES ('17504', '1', '17501', null, '17501', 'leave:1:7504', null, '17501', 'verify-1', '1', '0', '0', '0', '0', '1', null, '', null, '2020-07-11 23:35:16', null, null, '0', '0', '0', '0', '0', '0', '0', '0', '0');
INSERT INTO `act_ru_execution` VALUES ('17509', '1', '17509', '6', null, 'leave:1:7504', null, '17509', null, '1', '0', '1', '0', '0', '1', null, '', null, '2020-07-11 23:35:18', 'chengxy', null, '0', '0', '0', '0', '0', '0', '0', '0', '0');
INSERT INTO `act_ru_execution` VALUES ('17512', '1', '17509', null, '17509', 'leave:1:7504', null, '17509', 'verify-1', '1', '0', '0', '0', '0', '1', null, '', null, '2020-07-11 23:35:18', null, null, '0', '0', '0', '0', '0', '0', '0', '0', '0');
INSERT INTO `act_ru_execution` VALUES ('17517', '1', '17517', '7', null, 'leave:1:7504', null, '17517', null, '1', '0', '1', '0', '0', '1', null, '', null, '2020-07-11 23:35:20', 'chengxy', null, '0', '0', '0', '0', '0', '0', '0', '0', '0');
INSERT INTO `act_ru_execution` VALUES ('17520', '1', '17517', null, '17517', 'leave:1:7504', null, '17517', 'verify-1', '1', '0', '0', '0', '0', '1', null, '', null, '2020-07-11 23:35:20', null, null, '0', '0', '0', '0', '0', '0', '0', '0', '0');
INSERT INTO `act_ru_execution` VALUES ('17525', '1', '17525', '8', null, 'leave:1:7504', null, '17525', null, '1', '0', '1', '0', '0', '1', null, '', null, '2020-07-11 23:35:22', 'chengxy', null, '0', '0', '0', '0', '0', '0', '0', '0', '0');
INSERT INTO `act_ru_execution` VALUES ('17528', '1', '17525', null, '17525', 'leave:1:7504', null, '17525', 'verify-1', '1', '0', '0', '0', '0', '1', null, '', null, '2020-07-11 23:35:22', null, null, '0', '0', '0', '0', '0', '0', '0', '0', '0');
INSERT INTO `act_ru_execution` VALUES ('17533', '1', '17533', '9', null, 'leave:1:7504', null, '17533', null, '1', '0', '1', '0', '0', '1', null, '', null, '2020-07-11 23:35:24', 'chengxy', null, '0', '0', '0', '0', '0', '0', '0', '0', '0');
INSERT INTO `act_ru_execution` VALUES ('17536', '1', '17533', null, '17533', 'leave:1:7504', null, '17533', 'verify-1', '1', '0', '0', '0', '0', '1', null, '', null, '2020-07-11 23:35:24', null, null, '0', '0', '0', '0', '0', '0', '0', '0', '0');
INSERT INTO `act_ru_execution` VALUES ('17541', '1', '17541', '10', null, 'leave:1:7504', null, '17541', null, '1', '0', '1', '0', '0', '1', null, '', null, '2020-07-11 23:35:26', 'chengxy', null, '0', '0', '0', '0', '0', '0', '0', '0', '0');
INSERT INTO `act_ru_execution` VALUES ('17544', '1', '17541', null, '17541', 'leave:1:7504', null, '17541', 'verify-1', '1', '0', '0', '0', '0', '1', null, '', null, '2020-07-11 23:35:26', null, null, '0', '0', '0', '0', '0', '0', '0', '0', '0');
INSERT INTO `act_ru_execution` VALUES ('17549', '1', '17549', '11', null, 'leave:1:7504', null, '17549', null, '1', '0', '1', '0', '0', '1', null, '', null, '2020-07-11 23:35:28', 'chengxy', null, '0', '0', '0', '0', '0', '0', '0', '0', '0');
INSERT INTO `act_ru_execution` VALUES ('17552', '1', '17549', null, '17549', 'leave:1:7504', null, '17549', 'verify-1', '1', '0', '0', '0', '0', '1', null, '', null, '2020-07-11 23:35:28', null, null, '0', '0', '0', '0', '0', '0', '0', '0', '0');
INSERT INTO `act_ru_execution` VALUES ('17557', '1', '17557', '12', null, 'leave:1:7504', null, '17557', null, '1', '0', '1', '0', '0', '1', null, '', null, '2020-07-11 23:35:32', 'chengxy', null, '0', '0', '0', '0', '0', '0', '0', '0', '0');
INSERT INTO `act_ru_execution` VALUES ('17560', '1', '17557', null, '17557', 'leave:1:7504', null, '17557', 'verify-1', '1', '0', '0', '0', '0', '1', null, '', null, '2020-07-11 23:35:32', null, null, '0', '0', '0', '0', '0', '0', '0', '0', '0');
INSERT INTO `act_ru_execution` VALUES ('17565', '1', '17565', '13', null, 'leave:1:7504', null, '17565', null, '1', '0', '1', '0', '0', '1', null, '', null, '2020-07-11 23:39:34', 'chengxy', null, '0', '0', '0', '0', '0', '0', '0', '0', '0');
INSERT INTO `act_ru_execution` VALUES ('17568', '1', '17565', null, '17565', 'leave:1:7504', null, '17565', 'verify-1', '1', '0', '0', '0', '0', '1', null, '', null, '2020-07-11 23:39:34', null, null, '0', '0', '0', '0', '0', '0', '0', '0', '0');
INSERT INTO `act_ru_execution` VALUES ('17573', '1', '17573', '14', null, 'leave:1:7504', null, '17573', null, '1', '0', '1', '0', '0', '1', null, '', null, '2020-07-11 23:39:36', 'chengxy', null, '0', '0', '0', '0', '0', '0', '0', '0', '0');
INSERT INTO `act_ru_execution` VALUES ('17576', '1', '17573', null, '17573', 'leave:1:7504', null, '17573', 'verify-1', '1', '0', '0', '0', '0', '1', null, '', null, '2020-07-11 23:39:36', null, null, '0', '0', '0', '0', '0', '0', '0', '0', '0');
INSERT INTO `act_ru_execution` VALUES ('17581', '1', '17581', '15', null, 'leave:1:7504', null, '17581', null, '1', '0', '1', '0', '0', '1', null, '', null, '2020-07-11 23:39:38', 'chengxy', null, '0', '0', '0', '0', '0', '0', '0', '0', '0');
INSERT INTO `act_ru_execution` VALUES ('17584', '1', '17581', null, '17581', 'leave:1:7504', null, '17581', 'verify-1', '1', '0', '0', '0', '0', '1', null, '', null, '2020-07-11 23:39:38', null, null, '0', '0', '0', '0', '0', '0', '0', '0', '0');

-- ----------------------------
-- Table structure for act_ru_identitylink
-- ----------------------------
DROP TABLE IF EXISTS `act_ru_identitylink`;
CREATE TABLE `act_ru_identitylink` (
  `ID_` varchar(64) COLLATE utf8_bin NOT NULL DEFAULT '',
  `REV_` int(11) DEFAULT NULL,
  `GROUP_ID_` varchar(255) COLLATE utf8_bin DEFAULT NULL,
  `TYPE_` varchar(255) COLLATE utf8_bin DEFAULT NULL,
  `USER_ID_` varchar(255) COLLATE utf8_bin DEFAULT NULL,
  `TASK_ID_` varchar(64) COLLATE utf8_bin DEFAULT NULL,
  `PROC_INST_ID_` varchar(64) COLLATE utf8_bin DEFAULT NULL,
  `PROC_DEF_ID_` varchar(64) COLLATE utf8_bin DEFAULT NULL,
  PRIMARY KEY (`ID_`),
  KEY `ACT_IDX_IDENT_LNK_USER` (`USER_ID_`),
  KEY `ACT_IDX_IDENT_LNK_GROUP` (`GROUP_ID_`),
  KEY `ACT_IDX_ATHRZ_PROCEDEF` (`PROC_DEF_ID_`),
  KEY `ACT_FK_TSKASS_TASK` (`TASK_ID_`),
  KEY `ACT_FK_IDL_PROCINST` (`PROC_INST_ID_`),
  CONSTRAINT `ACT_FK_IDL_PROCINST` FOREIGN KEY (`PROC_INST_ID_`) REFERENCES `act_ru_execution` (`ID_`),
  CONSTRAINT `ACT_FK_ATHRZ_PROCEDEF` FOREIGN KEY (`PROC_DEF_ID_`) REFERENCES `act_re_procdef` (`ID_`),
  CONSTRAINT `ACT_FK_TSKASS_TASK` FOREIGN KEY (`TASK_ID_`) REFERENCES `act_ru_task` (`ID_`)
) ENGINE=InnoDB DEFAULT CHARSET=utf8 COLLATE=utf8_bin;

-- ----------------------------
-- Records of act_ru_identitylink
-- ----------------------------
INSERT INTO `act_ru_identitylink` VALUES ('17503', '1', null, 'starter', 'chengxy', null, '17501', null);
INSERT INTO `act_ru_identitylink` VALUES ('17508', '1', 'deptLeader', 'candidate', null, '17507', null, null);
INSERT INTO `act_ru_identitylink` VALUES ('17511', '1', null, 'starter', 'chengxy', null, '17509', null);
INSERT INTO `act_ru_identitylink` VALUES ('17516', '1', 'deptLeader', 'candidate', null, '17515', null, null);
INSERT INTO `act_ru_identitylink` VALUES ('17519', '1', null, 'starter', 'chengxy', null, '17517', null);
INSERT INTO `act_ru_identitylink` VALUES ('17524', '1', 'deptLeader', 'candidate', null, '17523', null, null);
INSERT INTO `act_ru_identitylink` VALUES ('17527', '1', null, 'starter', 'chengxy', null, '17525', null);
INSERT INTO `act_ru_identitylink` VALUES ('17532', '1', 'deptLeader', 'candidate', null, '17531', null, null);
INSERT INTO `act_ru_identitylink` VALUES ('17535', '1', null, 'starter', 'chengxy', null, '17533', null);
INSERT INTO `act_ru_identitylink` VALUES ('17540', '1', 'deptLeader', 'candidate', null, '17539', null, null);
INSERT INTO `act_ru_identitylink` VALUES ('17543', '1', null, 'starter', 'chengxy', null, '17541', null);
INSERT INTO `act_ru_identitylink` VALUES ('17548', '1', 'deptLeader', 'candidate', null, '17547', null, null);
INSERT INTO `act_ru_identitylink` VALUES ('17551', '1', null, 'starter', 'chengxy', null, '17549', null);
INSERT INTO `act_ru_identitylink` VALUES ('17556', '1', 'deptLeader', 'candidate', null, '17555', null, null);
INSERT INTO `act_ru_identitylink` VALUES ('17559', '1', null, 'starter', 'chengxy', null, '17557', null);
INSERT INTO `act_ru_identitylink` VALUES ('17564', '1', 'deptLeader', 'candidate', null, '17563', null, null);
INSERT INTO `act_ru_identitylink` VALUES ('17567', '1', null, 'starter', 'chengxy', null, '17565', null);
INSERT INTO `act_ru_identitylink` VALUES ('17572', '1', 'deptLeader', 'candidate', null, '17571', null, null);
INSERT INTO `act_ru_identitylink` VALUES ('17575', '1', null, 'starter', 'chengxy', null, '17573', null);
INSERT INTO `act_ru_identitylink` VALUES ('17580', '1', 'deptLeader', 'candidate', null, '17579', null, null);
INSERT INTO `act_ru_identitylink` VALUES ('17583', '1', null, 'starter', 'chengxy', null, '17581', null);
INSERT INTO `act_ru_identitylink` VALUES ('17588', '1', 'deptLeader', 'candidate', null, '17587', null, null);

-- ----------------------------
-- Table structure for act_ru_job
-- ----------------------------
DROP TABLE IF EXISTS `act_ru_job`;
CREATE TABLE `act_ru_job` (
  `ID_` varchar(64) COLLATE utf8_bin NOT NULL,
  `REV_` int(11) DEFAULT NULL,
  `TYPE_` varchar(255) COLLATE utf8_bin NOT NULL,
  `LOCK_EXP_TIME_` timestamp NULL DEFAULT NULL,
  `LOCK_OWNER_` varchar(255) COLLATE utf8_bin DEFAULT NULL,
  `EXCLUSIVE_` tinyint(1) DEFAULT NULL,
  `EXECUTION_ID_` varchar(64) COLLATE utf8_bin DEFAULT NULL,
  `PROCESS_INSTANCE_ID_` varchar(64) COLLATE utf8_bin DEFAULT NULL,
  `PROC_DEF_ID_` varchar(64) COLLATE utf8_bin DEFAULT NULL,
  `RETRIES_` int(11) DEFAULT NULL,
  `EXCEPTION_STACK_ID_` varchar(64) COLLATE utf8_bin DEFAULT NULL,
  `EXCEPTION_MSG_` varchar(4000) COLLATE utf8_bin DEFAULT NULL,
  `DUEDATE_` timestamp NULL DEFAULT NULL,
  `REPEAT_` varchar(255) COLLATE utf8_bin DEFAULT NULL,
  `HANDLER_TYPE_` varchar(255) COLLATE utf8_bin DEFAULT NULL,
  `HANDLER_CFG_` varchar(4000) COLLATE utf8_bin DEFAULT NULL,
  `TENANT_ID_` varchar(255) COLLATE utf8_bin DEFAULT '',
  PRIMARY KEY (`ID_`),
  KEY `ACT_FK_JOB_EXECUTION` (`EXECUTION_ID_`),
  KEY `ACT_FK_JOB_PROCESS_INSTANCE` (`PROCESS_INSTANCE_ID_`),
  KEY `ACT_FK_JOB_PROC_DEF` (`PROC_DEF_ID_`),
  KEY `ACT_FK_JOB_EXCEPTION` (`EXCEPTION_STACK_ID_`),
  CONSTRAINT `ACT_FK_JOB_EXCEPTION` FOREIGN KEY (`EXCEPTION_STACK_ID_`) REFERENCES `act_ge_bytearray` (`ID_`),
  CONSTRAINT `ACT_FK_JOB_EXECUTION` FOREIGN KEY (`EXECUTION_ID_`) REFERENCES `act_ru_execution` (`ID_`),
  CONSTRAINT `ACT_FK_JOB_PROCESS_INSTANCE` FOREIGN KEY (`PROCESS_INSTANCE_ID_`) REFERENCES `act_ru_execution` (`ID_`),
  CONSTRAINT `ACT_FK_JOB_PROC_DEF` FOREIGN KEY (`PROC_DEF_ID_`) REFERENCES `act_re_procdef` (`ID_`)
) ENGINE=InnoDB DEFAULT CHARSET=utf8 COLLATE=utf8_bin;

-- ----------------------------
-- Records of act_ru_job
-- ----------------------------

-- ----------------------------
-- Table structure for act_ru_suspended_job
-- ----------------------------
DROP TABLE IF EXISTS `act_ru_suspended_job`;
CREATE TABLE `act_ru_suspended_job` (
  `ID_` varchar(64) COLLATE utf8_bin NOT NULL,
  `REV_` int(11) DEFAULT NULL,
  `TYPE_` varchar(255) COLLATE utf8_bin NOT NULL,
  `EXCLUSIVE_` tinyint(1) DEFAULT NULL,
  `EXECUTION_ID_` varchar(64) COLLATE utf8_bin DEFAULT NULL,
  `PROCESS_INSTANCE_ID_` varchar(64) COLLATE utf8_bin DEFAULT NULL,
  `PROC_DEF_ID_` varchar(64) COLLATE utf8_bin DEFAULT NULL,
  `RETRIES_` int(11) DEFAULT NULL,
  `EXCEPTION_STACK_ID_` varchar(64) COLLATE utf8_bin DEFAULT NULL,
  `EXCEPTION_MSG_` varchar(4000) COLLATE utf8_bin DEFAULT NULL,
  `DUEDATE_` timestamp NULL DEFAULT NULL,
  `REPEAT_` varchar(255) COLLATE utf8_bin DEFAULT NULL,
  `HANDLER_TYPE_` varchar(255) COLLATE utf8_bin DEFAULT NULL,
  `HANDLER_CFG_` varchar(4000) COLLATE utf8_bin DEFAULT NULL,
  `TENANT_ID_` varchar(255) COLLATE utf8_bin DEFAULT '',
  PRIMARY KEY (`ID_`),
  KEY `ACT_FK_SUSPENDED_JOB_EXECUTION` (`EXECUTION_ID_`),
  KEY `ACT_FK_SUSPENDED_JOB_PROCESS_INSTANCE` (`PROCESS_INSTANCE_ID_`),
  KEY `ACT_FK_SUSPENDED_JOB_PROC_DEF` (`PROC_DEF_ID_`),
  KEY `ACT_FK_SUSPENDED_JOB_EXCEPTION` (`EXCEPTION_STACK_ID_`),
  CONSTRAINT `ACT_FK_SUSPENDED_JOB_EXCEPTION` FOREIGN KEY (`EXCEPTION_STACK_ID_`) REFERENCES `act_ge_bytearray` (`ID_`),
  CONSTRAINT `ACT_FK_SUSPENDED_JOB_EXECUTION` FOREIGN KEY (`EXECUTION_ID_`) REFERENCES `act_ru_execution` (`ID_`),
  CONSTRAINT `ACT_FK_SUSPENDED_JOB_PROCESS_INSTANCE` FOREIGN KEY (`PROCESS_INSTANCE_ID_`) REFERENCES `act_ru_execution` (`ID_`),
  CONSTRAINT `ACT_FK_SUSPENDED_JOB_PROC_DEF` FOREIGN KEY (`PROC_DEF_ID_`) REFERENCES `act_re_procdef` (`ID_`)
) ENGINE=InnoDB DEFAULT CHARSET=utf8 COLLATE=utf8_bin;

-- ----------------------------
-- Records of act_ru_suspended_job
-- ----------------------------

-- ----------------------------
-- Table structure for act_ru_task
-- ----------------------------
DROP TABLE IF EXISTS `act_ru_task`;
CREATE TABLE `act_ru_task` (
  `ID_` varchar(64) COLLATE utf8_bin NOT NULL DEFAULT '',
  `REV_` int(11) DEFAULT NULL,
  `EXECUTION_ID_` varchar(64) COLLATE utf8_bin DEFAULT NULL,
  `PROC_INST_ID_` varchar(64) COLLATE utf8_bin DEFAULT NULL,
  `PROC_DEF_ID_` varchar(64) COLLATE utf8_bin DEFAULT NULL,
  `NAME_` varchar(255) COLLATE utf8_bin DEFAULT NULL,
  `PARENT_TASK_ID_` varchar(64) COLLATE utf8_bin DEFAULT NULL,
  `DESCRIPTION_` varchar(4000) COLLATE utf8_bin DEFAULT NULL,
  `TASK_DEF_KEY_` varchar(255) COLLATE utf8_bin DEFAULT NULL,
  `OWNER_` varchar(255) COLLATE utf8_bin DEFAULT NULL,
  `ASSIGNEE_` varchar(255) COLLATE utf8_bin DEFAULT NULL,
  `DELEGATION_` varchar(64) COLLATE utf8_bin DEFAULT NULL,
  `PRIORITY_` int(11) DEFAULT NULL,
  `CREATE_TIME_` timestamp NULL DEFAULT NULL,
  `DUE_DATE_` datetime DEFAULT NULL,
  `CATEGORY_` varchar(255) COLLATE utf8_bin DEFAULT NULL,
  `SUSPENSION_STATE_` int(11) DEFAULT NULL,
  `TENANT_ID_` varchar(255) COLLATE utf8_bin DEFAULT '',
  `FORM_KEY_` varchar(255) COLLATE utf8_bin DEFAULT NULL,
  `CLAIM_TIME_` datetime DEFAULT NULL,
  PRIMARY KEY (`ID_`),
  KEY `ACT_IDX_TASK_CREATE` (`CREATE_TIME_`),
  KEY `ACT_FK_TASK_EXE` (`EXECUTION_ID_`),
  KEY `ACT_FK_TASK_PROCINST` (`PROC_INST_ID_`),
  KEY `ACT_FK_TASK_PROCDEF` (`PROC_DEF_ID_`),
  CONSTRAINT `ACT_FK_TASK_PROCDEF` FOREIGN KEY (`PROC_DEF_ID_`) REFERENCES `act_re_procdef` (`ID_`),
  CONSTRAINT `ACT_FK_TASK_EXE` FOREIGN KEY (`EXECUTION_ID_`) REFERENCES `act_ru_execution` (`ID_`),
  CONSTRAINT `ACT_FK_TASK_PROCINST` FOREIGN KEY (`PROC_INST_ID_`) REFERENCES `act_ru_execution` (`ID_`)
) ENGINE=InnoDB DEFAULT CHARSET=utf8 COLLATE=utf8_bin;

-- ----------------------------
-- Records of act_ru_task
-- ----------------------------
INSERT INTO `act_ru_task` VALUES ('17507', '1', '17504', '17501', 'leave:1:7504', '', null, null, 'verify-1', null, null, null, '50', '2020-07-11 23:35:16', null, null, '1', '', null, null);
INSERT INTO `act_ru_task` VALUES ('17515', '1', '17512', '17509', 'leave:1:7504', '', null, null, 'verify-1', null, null, null, '50', '2020-07-11 23:35:18', null, null, '1', '', null, null);
INSERT INTO `act_ru_task` VALUES ('17523', '1', '17520', '17517', 'leave:1:7504', '', null, null, 'verify-1', null, null, null, '50', '2020-07-11 23:35:20', null, null, '1', '', null, null);
INSERT INTO `act_ru_task` VALUES ('17531', '1', '17528', '17525', 'leave:1:7504', '', null, null, 'verify-1', null, null, null, '50', '2020-07-11 23:35:22', null, null, '1', '', null, null);
INSERT INTO `act_ru_task` VALUES ('17539', '1', '17536', '17533', 'leave:1:7504', '', null, null, 'verify-1', null, null, null, '50', '2020-07-11 23:35:24', null, null, '1', '', null, null);
INSERT INTO `act_ru_task` VALUES ('17547', '1', '17544', '17541', 'leave:1:7504', '', null, null, 'verify-1', null, null, null, '50', '2020-07-11 23:35:26', null, null, '1', '', null, null);
INSERT INTO `act_ru_task` VALUES ('17555', '1', '17552', '17549', 'leave:1:7504', '', null, null, 'verify-1', null, null, null, '50', '2020-07-11 23:35:28', null, null, '1', '', null, null);
INSERT INTO `act_ru_task` VALUES ('17563', '1', '17560', '17557', 'leave:1:7504', '', null, null, 'verify-1', null, null, null, '50', '2020-07-11 23:35:32', null, null, '1', '', null, null);
INSERT INTO `act_ru_task` VALUES ('17571', '1', '17568', '17565', 'leave:1:7504', '', null, null, 'verify-1', null, null, null, '50', '2020-07-11 23:39:34', null, null, '1', '', null, null);
INSERT INTO `act_ru_task` VALUES ('17579', '1', '17576', '17573', 'leave:1:7504', '', null, null, 'verify-1', null, null, null, '50', '2020-07-11 23:39:36', null, null, '1', '', null, null);
INSERT INTO `act_ru_task` VALUES ('17587', '1', '17584', '17581', 'leave:1:7504', '', null, null, 'verify-1', null, null, null, '50', '2020-07-11 23:39:38', null, null, '1', '', null, null);

-- ----------------------------
-- Table structure for act_ru_timer_job
-- ----------------------------
DROP TABLE IF EXISTS `act_ru_timer_job`;
CREATE TABLE `act_ru_timer_job` (
  `ID_` varchar(64) COLLATE utf8_bin NOT NULL,
  `REV_` int(11) DEFAULT NULL,
  `TYPE_` varchar(255) COLLATE utf8_bin NOT NULL,
  `LOCK_EXP_TIME_` timestamp NULL DEFAULT NULL,
  `LOCK_OWNER_` varchar(255) COLLATE utf8_bin DEFAULT NULL,
  `EXCLUSIVE_` tinyint(1) DEFAULT NULL,
  `EXECUTION_ID_` varchar(64) COLLATE utf8_bin DEFAULT NULL,
  `PROCESS_INSTANCE_ID_` varchar(64) COLLATE utf8_bin DEFAULT NULL,
  `PROC_DEF_ID_` varchar(64) COLLATE utf8_bin DEFAULT NULL,
  `RETRIES_` int(11) DEFAULT NULL,
  `EXCEPTION_STACK_ID_` varchar(64) COLLATE utf8_bin DEFAULT NULL,
  `EXCEPTION_MSG_` varchar(4000) COLLATE utf8_bin DEFAULT NULL,
  `DUEDATE_` timestamp NULL DEFAULT NULL,
  `REPEAT_` varchar(255) COLLATE utf8_bin DEFAULT NULL,
  `HANDLER_TYPE_` varchar(255) COLLATE utf8_bin DEFAULT NULL,
  `HANDLER_CFG_` varchar(4000) COLLATE utf8_bin DEFAULT NULL,
  `TENANT_ID_` varchar(255) COLLATE utf8_bin DEFAULT '',
  PRIMARY KEY (`ID_`),
  KEY `ACT_FK_TIMER_JOB_EXECUTION` (`EXECUTION_ID_`),
  KEY `ACT_FK_TIMER_JOB_PROCESS_INSTANCE` (`PROCESS_INSTANCE_ID_`),
  KEY `ACT_FK_TIMER_JOB_PROC_DEF` (`PROC_DEF_ID_`),
  KEY `ACT_FK_TIMER_JOB_EXCEPTION` (`EXCEPTION_STACK_ID_`),
  CONSTRAINT `ACT_FK_TIMER_JOB_EXCEPTION` FOREIGN KEY (`EXCEPTION_STACK_ID_`) REFERENCES `act_ge_bytearray` (`ID_`),
  CONSTRAINT `ACT_FK_TIMER_JOB_EXECUTION` FOREIGN KEY (`EXECUTION_ID_`) REFERENCES `act_ru_execution` (`ID_`),
  CONSTRAINT `ACT_FK_TIMER_JOB_PROCESS_INSTANCE` FOREIGN KEY (`PROCESS_INSTANCE_ID_`) REFERENCES `act_ru_execution` (`ID_`),
  CONSTRAINT `ACT_FK_TIMER_JOB_PROC_DEF` FOREIGN KEY (`PROC_DEF_ID_`) REFERENCES `act_re_procdef` (`ID_`)
) ENGINE=InnoDB DEFAULT CHARSET=utf8 COLLATE=utf8_bin;

-- ----------------------------
-- Records of act_ru_timer_job
-- ----------------------------

-- ----------------------------
-- Table structure for act_ru_variable
-- ----------------------------
DROP TABLE IF EXISTS `act_ru_variable`;
CREATE TABLE `act_ru_variable` (
  `ID_` varchar(64) COLLATE utf8_bin NOT NULL,
  `REV_` int(11) DEFAULT NULL,
  `TYPE_` varchar(255) COLLATE utf8_bin NOT NULL,
  `NAME_` varchar(255) COLLATE utf8_bin NOT NULL,
  `EXECUTION_ID_` varchar(64) COLLATE utf8_bin DEFAULT NULL,
  `PROC_INST_ID_` varchar(64) COLLATE utf8_bin DEFAULT NULL,
  `TASK_ID_` varchar(64) COLLATE utf8_bin DEFAULT NULL,
  `BYTEARRAY_ID_` varchar(64) COLLATE utf8_bin DEFAULT NULL,
  `DOUBLE_` double DEFAULT NULL,
  `LONG_` bigint(20) DEFAULT NULL,
  `TEXT_` varchar(4000) COLLATE utf8_bin DEFAULT NULL,
  `TEXT2_` varchar(4000) COLLATE utf8_bin DEFAULT NULL,
  PRIMARY KEY (`ID_`),
  KEY `ACT_IDX_VARIABLE_TASK_ID` (`TASK_ID_`),
  KEY `ACT_FK_VAR_EXE` (`EXECUTION_ID_`),
  KEY `ACT_FK_VAR_PROCINST` (`PROC_INST_ID_`),
  KEY `ACT_FK_VAR_BYTEARRAY` (`BYTEARRAY_ID_`),
  CONSTRAINT `ACT_FK_VAR_BYTEARRAY` FOREIGN KEY (`BYTEARRAY_ID_`) REFERENCES `act_ge_bytearray` (`ID_`),
  CONSTRAINT `ACT_FK_VAR_EXE` FOREIGN KEY (`EXECUTION_ID_`) REFERENCES `act_ru_execution` (`ID_`),
  CONSTRAINT `ACT_FK_VAR_PROCINST` FOREIGN KEY (`PROC_INST_ID_`) REFERENCES `act_ru_execution` (`ID_`)
) ENGINE=InnoDB DEFAULT CHARSET=utf8 COLLATE=utf8_bin;

-- ----------------------------
-- Records of act_ru_variable
-- ----------------------------
INSERT INTO `act_ru_variable` VALUES ('17502', '1', 'string', 'applyUserId', '17501', '17501', null, null, null, null, 'chengxy', null);
INSERT INTO `act_ru_variable` VALUES ('17510', '1', 'string', 'applyUserId', '17509', '17509', null, null, null, null, 'chengxy', null);
INSERT INTO `act_ru_variable` VALUES ('17518', '1', 'string', 'applyUserId', '17517', '17517', null, null, null, null, 'chengxy', null);
INSERT INTO `act_ru_variable` VALUES ('17526', '1', 'string', 'applyUserId', '17525', '17525', null, null, null, null, 'chengxy', null);
INSERT INTO `act_ru_variable` VALUES ('17534', '1', 'string', 'applyUserId', '17533', '17533', null, null, null, null, 'chengxy', null);
INSERT INTO `act_ru_variable` VALUES ('17542', '1', 'string', 'applyUserId', '17541', '17541', null, null, null, null, 'chengxy', null);
INSERT INTO `act_ru_variable` VALUES ('17550', '1', 'string', 'applyUserId', '17549', '17549', null, null, null, null, 'chengxy', null);
INSERT INTO `act_ru_variable` VALUES ('17558', '1', 'string', 'applyUserId', '17557', '17557', null, null, null, null, 'chengxy', null);
INSERT INTO `act_ru_variable` VALUES ('17566', '1', 'string', 'applyUserId', '17565', '17565', null, null, null, null, 'chengxy', null);
INSERT INTO `act_ru_variable` VALUES ('17574', '1', 'string', 'applyUserId', '17573', '17573', null, null, null, null, 'chengxy', null);
INSERT INTO `act_ru_variable` VALUES ('17582', '1', 'string', 'applyUserId', '17581', '17581', null, null, null, null, 'chengxy', null);

-- ----------------------------
-- Table structure for biz_leave
-- ----------------------------
DROP TABLE IF EXISTS `biz_leave`;
CREATE TABLE `biz_leave` (
  `id` bigint(20) NOT NULL AUTO_INCREMENT COMMENT 'ID',
  `type` char(20) DEFAULT NULL COMMENT '',
  `title` varchar(100) DEFAULT NULL COMMENT '',
  `reason` varchar(500) DEFAULT NULL COMMENT '',
  `start_time` datetime DEFAULT NULL COMMENT '',
  `end_time` datetime DEFAULT NULL COMMENT '',
  `total_time` bigint(11) DEFAULT NULL COMMENT '',
  `instance_id` varchar(32) DEFAULT NULL COMMENT 'ID',
  `create_by` varchar(64) DEFAULT '' COMMENT '',
  `create_time` datetime DEFAULT NULL COMMENT '',
  `update_by` varchar(64) DEFAULT '' COMMENT '',
  `update_time` datetime DEFAULT NULL COMMENT '',
  `apply_user` varchar(64) DEFAULT NULL COMMENT '',
  `apply_time` datetime DEFAULT NULL COMMENT '',
  `reality_start_time` datetime DEFAULT NULL COMMENT '',
  `reality_end_time` datetime DEFAULT NULL COMMENT '',
  PRIMARY KEY (`id`)
) ENGINE=InnoDB AUTO_INCREMENT=16 DEFAULT CHARSET=utf8;

-- ----------------------------
-- Records of biz_leave
-- ----------------------------
INSERT INTO `biz_leave` VALUES ('3', 'leave', '', '', '2020-07-11 23:55:00', '2020-07-12 23:55:00', '86400', '15001', 'chengxy', '2020-07-11 23:06:36', 'chengxy', null, 'chengxy', '2020-07-11 23:06:41', null, null);
INSERT INTO `biz_leave` VALUES ('4', 'leave', '', '', '2020-07-11 23:55:00', '2020-07-12 23:55:00', '86400', '15009', 'chengxy', '2020-07-11 23:08:52', 'chengxy', '2020-07-11 23:16:04', 'chengxy', '2020-07-11 23:08:00', '2020-07-11 23:55:00', '2020-07-12 23:55:00');
INSERT INTO `biz_leave` VALUES ('5', 'leave', '', '', null, null, null, '17501', 'chengxy', null, 'chengxy', null, 'chengxy', '2020-07-11 23:35:16', null, null);
INSERT INTO `biz_leave` VALUES ('6', 'leave', '1', '', null, null, null, '17509', 'chengxy', null, 'chengxy', null, 'chengxy', '2020-07-11 23:35:18', null, null);
INSERT INTO `biz_leave` VALUES ('7', 'leave', '2', '', null, null, null, '17517', 'chengxy', null, 'chengxy', null, 'chengxy', '2020-07-11 23:35:20', null, null);
INSERT INTO `biz_leave` VALUES ('8', 'leave', '3', '', null, null, null, '17525', 'chengxy', null, 'chengxy', null, 'chengxy', '2020-07-11 23:35:22', null, null);
INSERT INTO `biz_leave` VALUES ('9', 'leave', '4', '', null, null, null, '17533', 'chengxy', null, 'chengxy', null, 'chengxy', '2020-07-11 23:35:24', null, null);
INSERT INTO `biz_leave` VALUES ('10', 'leave', '5', '', null, null, null, '17541', 'chengxy', null, 'chengxy', null, 'chengxy', '2020-07-11 23:35:26', null, null);
INSERT INTO `biz_leave` VALUES ('11', 'leave', '6', '', null, null, null, '17549', 'chengxy', null, 'chengxy', null, 'chengxy', '2020-07-11 23:35:28', null, null);
INSERT INTO `biz_leave` VALUES ('12', 'leave', '7', '', null, null, null, '17557', 'chengxy', null, 'chengxy', null, 'chengxy', '2020-07-11 23:35:32', null, null);
INSERT INTO `biz_leave` VALUES ('13', 'leave', '8', '', null, null, null, '17565', 'chengxy', null, 'chengxy', null, 'chengxy', '2020-07-11 23:39:34', null, null);
INSERT INTO `biz_leave` VALUES ('14', 'leave', '9', '', null, null, null, '17573', 'chengxy', null, 'chengxy', null, 'chengxy', '2020-07-11 23:39:36', null, null);
INSERT INTO `biz_leave` VALUES ('15', 'leave', '10', '', null, null, null, '17581', 'chengxy', null, 'chengxy', null, 'chengxy', '2020-07-11 23:39:38', null, null);

-- ----------------------------
-- Table structure for biz_todo_item
-- ----------------------------
DROP TABLE IF EXISTS `biz_todo_item`;
CREATE TABLE `biz_todo_item` (
  `id` bigint(20) NOT NULL AUTO_INCREMENT COMMENT ' ID',
  `item_name` varchar(100) DEFAULT NULL COMMENT '',
  `item_content` varchar(500) DEFAULT NULL COMMENT '',
  `module` varchar(50) DEFAULT NULL COMMENT ' ( uri )',
  `task_id` varchar(64) DEFAULT NULL COMMENT ' ID',
  `instance_id` varchar(32) DEFAULT NULL COMMENT ' ID',
  `task_name` varchar(50) DEFAULT NULL COMMENT ' ()',
  `node_name` varchar(50) DEFAULT NULL COMMENT '',
  `is_view` char(1) DEFAULT '0' COMMENT ' default 0 (0  1 )',
  `is_handle` char(1) DEFAULT '0' COMMENT ' default 0 (0  1 )',
  `todo_user_id` varchar(20) DEFAULT NULL COMMENT ' ID',
  `todo_user_name` varchar(30) DEFAULT NULL COMMENT '',
  `handle_user_id` varchar(20) DEFAULT NULL COMMENT ' ID',
  `handle_user_name` varchar(30) DEFAULT NULL COMMENT '',
  `todo_time` datetime DEFAULT NULL COMMENT '',
  `handle_time` datetime DEFAULT NULL COMMENT '',
  PRIMARY KEY (`id`)
) ENGINE=InnoDB AUTO_INCREMENT=21 DEFAULT CHARSET=utf8 COMMENT='';

-- ----------------------------
-- Records of biz_todo_item
-- ----------------------------
INSERT INTO `biz_todo_item` VALUES ('4', '', '', 'leave', '15015', '15009', 'taskVerify-1', '', '1', '1', 'axianlu', '', 'axianlu', '', '2020-07-11 23:08:54', '2020-07-11 23:09:37');
INSERT INTO `biz_todo_item` VALUES ('5', '', '', 'leave', '15023', '15009', 'taskVerify-2', '', '1', '1', 'rensm', '', 'rensm', '', '2020-07-11 23:09:37', '2020-07-11 23:11:38');
INSERT INTO `biz_todo_item` VALUES ('6', '', '', 'leave', '15029', '15009', 'taskModifyApply', '', '1', '1', 'chengxy', '', 'chengxy', '', '2020-07-11 23:11:38', '2020-07-11 23:14:41');
INSERT INTO `biz_todo_item` VALUES ('7', '', '', 'leave', '15033', '15009', 'taskVerify-1', '', '1', '1', 'axianlu', '', 'axianlu', '', '2020-07-11 23:14:41', '2020-07-11 23:15:05');
INSERT INTO `biz_todo_item` VALUES ('8', '', '', 'leave', '15038', '15009', 'taskVerify-2', '', '1', '1', 'rensm', '', 'rensm', '', '2020-07-11 23:15:05', '2020-07-11 23:15:26');
INSERT INTO `biz_todo_item` VALUES ('9', '', '', 'leave', '15043', '15009', 'taskReportBack', '', '1', '1', 'chengxy', '', 'chengxy', '', '2020-07-11 23:15:26', '2020-07-11 23:16:04');
INSERT INTO `biz_todo_item` VALUES ('10', '', '', 'leave', '17507', '17501', 'taskVerify-1', '', '0', '0', 'axianlu', '', null, null, '2020-07-11 23:35:16', null);
INSERT INTO `biz_todo_item` VALUES ('11', '1', '', 'leave', '17515', '17509', 'taskVerify-1', '', '0', '0', 'axianlu', '', null, null, '2020-07-11 23:35:18', null);
INSERT INTO `biz_todo_item` VALUES ('12', '2', '', 'leave', '17523', '17517', 'taskVerify-1', '', '0', '0', 'axianlu', '', null, null, '2020-07-11 23:35:20', null);
INSERT INTO `biz_todo_item` VALUES ('13', '3', '', 'leave', '17531', '17525', 'taskVerify-1', '', '0', '0', 'axianlu', '', null, null, '2020-07-11 23:35:22', null);
INSERT INTO `biz_todo_item` VALUES ('14', '4', '', 'leave', '17539', '17533', 'taskVerify-1', '', '0', '0', 'axianlu', '', null, null, '2020-07-11 23:35:24', null);
INSERT INTO `biz_todo_item` VALUES ('15', '5', '', 'leave', '17547', '17541', 'taskVerify-1', '', '0', '0', 'axianlu', '', null, null, '2020-07-11 23:35:26', null);
INSERT INTO `biz_todo_item` VALUES ('16', '6', '', 'leave', '17555', '17549', 'taskVerify-1', '', '0', '0', 'axianlu', '', null, null, '2020-07-11 23:35:28', null);
INSERT INTO `biz_todo_item` VALUES ('17', '7', '', 'leave', '17563', '17557', 'taskVerify-1', '', '0', '0', 'axianlu', '', null, null, '2020-07-11 23:35:32', null);
INSERT INTO `biz_todo_item` VALUES ('18', '8', '', 'leave', '17571', '17565', 'taskVerify-1', '', '0', '0', 'axianlu', '', null, null, '2020-07-11 23:39:34', null);
INSERT INTO `biz_todo_item` VALUES ('19', '9', '', 'leave', '17579', '17573', 'taskVerify-1', '', '0', '0', 'axianlu', '', null, null, '2020-07-11 23:39:36', null);
INSERT INTO `biz_todo_item` VALUES ('20', '10', '', 'leave', '17587', '17581', 'taskVerify-1', '', '0', '0', 'axianlu', '', null, null, '2020-07-11 23:39:38', null);

-- ----------------------------
-- Table structure for gen_table
-- ----------------------------
DROP TABLE IF EXISTS `gen_table`;
CREATE TABLE `gen_table` (
  `table_id` bigint(20) NOT NULL AUTO_INCREMENT COMMENT '',
  `table_name` varchar(200) DEFAULT '' COMMENT '',
  `table_comment` varchar(500) DEFAULT '' COMMENT '',
  `sub_table_name` varchar(64) DEFAULT NULL COMMENT '',
  `sub_table_fk_name` varchar(64) DEFAULT NULL COMMENT '',
  `class_name` varchar(100) DEFAULT '' COMMENT '',
  `tpl_category` varchar(200) DEFAULT 'crud' COMMENT 'crud tree sub',
  `package_name` varchar(100) DEFAULT NULL COMMENT '',
  `module_name` varchar(30) DEFAULT NULL COMMENT '',
  `business_name` varchar(30) DEFAULT NULL COMMENT '',
  `function_name` varchar(50) DEFAULT NULL COMMENT '',
  `function_author` varchar(50) DEFAULT NULL COMMENT '',
  `gen_type` char(1) DEFAULT '0' COMMENT '0zip 1',
  `gen_path` varchar(200) DEFAULT '/' COMMENT '',
  `options` varchar(1000) DEFAULT NULL COMMENT '',
  `create_by` varchar(64) DEFAULT '' COMMENT '',
  `create_time` datetime DEFAULT NULL COMMENT '',
  `update_by` varchar(64) DEFAULT '' COMMENT '',
  `update_time` datetime DEFAULT NULL COMMENT '',
  `remark` varchar(500) DEFAULT NULL COMMENT '',
  PRIMARY KEY (`table_id`)
) ENGINE=InnoDB DEFAULT CHARSET=utf8 COMMENT='';

-- ----------------------------
-- Records of gen_table
-- ----------------------------

-- ----------------------------
-- Table structure for gen_table_column
-- ----------------------------
DROP TABLE IF EXISTS `gen_table_column`;
CREATE TABLE `gen_table_column` (
  `column_id` bigint(20) NOT NULL AUTO_INCREMENT COMMENT '',
  `table_id` varchar(64) DEFAULT NULL COMMENT '',
  `column_name` varchar(200) DEFAULT NULL COMMENT '',
  `column_comment` varchar(500) DEFAULT NULL COMMENT '',
  `column_type` varchar(100) DEFAULT NULL COMMENT '',
  `java_type` varchar(500) DEFAULT NULL COMMENT 'JAVA',
  `java_field` varchar(200) DEFAULT NULL COMMENT 'JAVA',
  `is_pk` char(1) DEFAULT NULL COMMENT '1',
  `is_increment` char(1) DEFAULT NULL COMMENT '1',
  `is_required` char(1) DEFAULT NULL COMMENT '1',
  `is_insert` char(1) DEFAULT NULL COMMENT '1',
  `is_edit` char(1) DEFAULT NULL COMMENT '1',
  `is_list` char(1) DEFAULT NULL COMMENT '1',
  `is_query` char(1) DEFAULT NULL COMMENT '1',
  `query_type` varchar(200) DEFAULT 'EQ' COMMENT '',
  `html_type` varchar(200) DEFAULT NULL COMMENT '',
  `dict_type` varchar(200) DEFAULT '' COMMENT '',
  `sort` int(11) DEFAULT NULL COMMENT '',
  `create_by` varchar(64) DEFAULT '' COMMENT '',
  `create_time` datetime DEFAULT NULL COMMENT '',
  `update_by` varchar(64) DEFAULT '' COMMENT '',
  `update_time` datetime DEFAULT NULL COMMENT '',
  PRIMARY KEY (`column_id`)
) ENGINE=InnoDB DEFAULT CHARSET=utf8 COMMENT='';

-- ----------------------------
-- Records of gen_table_column
-- ----------------------------

-- ----------------------------
-- Table structure for qrtz_blob_triggers
-- ----------------------------
DROP TABLE IF EXISTS `qrtz_blob_triggers`;
CREATE TABLE `qrtz_blob_triggers` (
  `sched_name` varchar(120) NOT NULL,
  `trigger_name` varchar(200) NOT NULL,
  `trigger_group` varchar(200) NOT NULL,
  `blob_data` blob,
  PRIMARY KEY (`sched_name`,`trigger_name`,`trigger_group`),
  CONSTRAINT `qrtz_blob_triggers_ibfk_1` FOREIGN KEY (`sched_name`, `trigger_name`, `trigger_group`) REFERENCES `qrtz_triggers` (`sched_name`, `trigger_name`, `trigger_group`)
) ENGINE=InnoDB DEFAULT CHARSET=utf8;

-- ----------------------------
-- Records of qrtz_blob_triggers
-- ----------------------------

-- ----------------------------
-- Table structure for qrtz_calendars
-- ----------------------------
DROP TABLE IF EXISTS `qrtz_calendars`;
CREATE TABLE `qrtz_calendars` (
  `sched_name` varchar(120) NOT NULL,
  `calendar_name` varchar(200) NOT NULL,
  `calendar` blob NOT NULL,
  PRIMARY KEY (`sched_name`,`calendar_name`)
) ENGINE=InnoDB DEFAULT CHARSET=utf8;

-- ----------------------------
-- Records of qrtz_calendars
-- ----------------------------

-- ----------------------------
-- Table structure for qrtz_cron_triggers
-- ----------------------------
DROP TABLE IF EXISTS `qrtz_cron_triggers`;
CREATE TABLE `qrtz_cron_triggers` (
  `sched_name` varchar(120) NOT NULL,
  `trigger_name` varchar(200) NOT NULL,
  `trigger_group` varchar(200) NOT NULL,
  `cron_expression` varchar(200) NOT NULL,
  `time_zone_id` varchar(80) DEFAULT NULL,
  PRIMARY KEY (`sched_name`,`trigger_name`,`trigger_group`),
  CONSTRAINT `qrtz_cron_triggers_ibfk_1` FOREIGN KEY (`sched_name`, `trigger_name`, `trigger_group`) REFERENCES `qrtz_triggers` (`sched_name`, `trigger_name`, `trigger_group`)
) ENGINE=InnoDB DEFAULT CHARSET=utf8;

-- ----------------------------
-- Records of qrtz_cron_triggers
-- ----------------------------
INSERT INTO `qrtz_cron_triggers` VALUES ('RuoyiScheduler', 'TASK_CLASS_NAME1', 'DEFAULT', '0/10 * * * * ?', 'Asia/Shanghai');
INSERT INTO `qrtz_cron_triggers` VALUES ('RuoyiScheduler', 'TASK_CLASS_NAME2', 'DEFAULT', '0/15 * * * * ?', 'Asia/Shanghai');
INSERT INTO `qrtz_cron_triggers` VALUES ('RuoyiScheduler', 'TASK_CLASS_NAME3', 'DEFAULT', '0/20 * * * * ?', 'Asia/Shanghai');

-- ----------------------------
-- Table structure for qrtz_fired_triggers
-- ----------------------------
DROP TABLE IF EXISTS `qrtz_fired_triggers`;
CREATE TABLE `qrtz_fired_triggers` (
  `sched_name` varchar(120) NOT NULL,
  `entry_id` varchar(95) NOT NULL,
  `trigger_name` varchar(200) NOT NULL,
  `trigger_group` varchar(200) NOT NULL,
  `instance_name` varchar(200) NOT NULL,
  `fired_time` bigint(13) NOT NULL,
  `sched_time` bigint(13) NOT NULL,
  `priority` int(11) NOT NULL,
  `state` varchar(16) NOT NULL,
  `job_name` varchar(200) DEFAULT NULL,
  `job_group` varchar(200) DEFAULT NULL,
  `is_nonconcurrent` varchar(1) DEFAULT NULL,
  `requests_recovery` varchar(1) DEFAULT NULL,
  PRIMARY KEY (`sched_name`,`entry_id`)
) ENGINE=InnoDB DEFAULT CHARSET=utf8;

-- ----------------------------
-- Records of qrtz_fired_triggers
-- ----------------------------

-- ----------------------------
-- Table structure for qrtz_job_details
-- ----------------------------
DROP TABLE IF EXISTS `qrtz_job_details`;
CREATE TABLE `qrtz_job_details` (
  `sched_name` varchar(120) NOT NULL,
  `job_name` varchar(200) NOT NULL,
  `job_group` varchar(200) NOT NULL,
  `description` varchar(250) DEFAULT NULL,
  `job_class_name` varchar(250) NOT NULL,
  `is_durable` varchar(1) NOT NULL,
  `is_nonconcurrent` varchar(1) NOT NULL,
  `is_update_data` varchar(1) NOT NULL,
  `requests_recovery` varchar(1) NOT NULL,
  `job_data` blob,
  PRIMARY KEY (`sched_name`,`job_name`,`job_group`)
) ENGINE=InnoDB DEFAULT CHARSET=utf8;

-- ----------------------------
-- Records of qrtz_job_details
-- ----------------------------
INSERT INTO `qrtz_job_details` VALUES ('RuoyiScheduler', 'TASK_CLASS_NAME1', 'DEFAULT', null, 'com.ruoyi.quartz.util.QuartzDisallowConcurrentExecution', '0', '1', '0', '0', 0xACED0005737200156F72672E71756172747A2E4A6F62446174614D61709FB083E8BFA9B0CB020000787200266F72672E71756172747A2E7574696C732E537472696E674B65794469727479466C61674D61708208E8C3FBC55D280200015A0013616C6C6F77735472616E7369656E74446174617872001D6F72672E71756172747A2E7574696C732E4469727479466C61674D617013E62EAD28760ACE0200025A000564697274794C00036D617074000F4C6A6176612F7574696C2F4D61703B787001737200116A6176612E7574696C2E486173684D61700507DAC1C31660D103000246000A6C6F6164466163746F724900097468726573686F6C6478703F4000000000000C7708000000100000000174000F5441534B5F50524F504552544945537372001E636F6D2E72756F79692E71756172747A2E646F6D61696E2E5379734A6F6200000000000000010200084C000A636F6E63757272656E747400124C6A6176612F6C616E672F537472696E673B4C000E63726F6E45787072657373696F6E71007E00094C000C696E766F6B6554617267657471007E00094C00086A6F6247726F757071007E00094C00056A6F6249647400104C6A6176612F6C616E672F4C6F6E673B4C00076A6F624E616D6571007E00094C000D6D697366697265506F6C69637971007E00094C000673746174757371007E000978720027636F6D2E72756F79692E636F6D6D6F6E2E636F72652E646F6D61696E2E42617365456E7469747900000000000000010200074C0008637265617465427971007E00094C000A63726561746554696D657400104C6A6176612F7574696C2F446174653B4C0006706172616D7371007E00034C000672656D61726B71007E00094C000B73656172636856616C756571007E00094C0008757064617465427971007E00094C000A75706461746554696D6571007E000C787074000561646D696E7372000E6A6176612E7574696C2E44617465686A81014B59741903000078707708000001622CDE29E078707400007070707400013174000E302F3130202A202A202A202A203F74001172795461736B2E72794E6F506172616D7374000744454641554C547372000E6A6176612E6C616E672E4C6F6E673B8BE490CC8F23DF0200014A000576616C7565787200106A6176612E6C616E672E4E756D62657286AC951D0B94E08B02000078700000000000000001740018E7B3BBE7BB9FE9BB98E8AEA4EFBC88E697A0E58F82EFBC8974000133740001317800);
INSERT INTO `qrtz_job_details` VALUES ('RuoyiScheduler', 'TASK_CLASS_NAME2', 'DEFAULT', null, 'com.ruoyi.quartz.util.QuartzDisallowConcurrentExecution', '0', '1', '0', '0', 0xACED0005737200156F72672E71756172747A2E4A6F62446174614D61709FB083E8BFA9B0CB020000787200266F72672E71756172747A2E7574696C732E537472696E674B65794469727479466C61674D61708208E8C3FBC55D280200015A0013616C6C6F77735472616E7369656E74446174617872001D6F72672E71756172747A2E7574696C732E4469727479466C61674D617013E62EAD28760ACE0200025A000564697274794C00036D617074000F4C6A6176612F7574696C2F4D61703B787001737200116A6176612E7574696C2E486173684D61700507DAC1C31660D103000246000A6C6F6164466163746F724900097468726573686F6C6478703F4000000000000C7708000000100000000174000F5441534B5F50524F504552544945537372001E636F6D2E72756F79692E71756172747A2E646F6D61696E2E5379734A6F6200000000000000010200084C000A636F6E63757272656E747400124C6A6176612F6C616E672F537472696E673B4C000E63726F6E45787072657373696F6E71007E00094C000C696E766F6B6554617267657471007E00094C00086A6F6247726F757071007E00094C00056A6F6249647400104C6A6176612F6C616E672F4C6F6E673B4C00076A6F624E616D6571007E00094C000D6D697366697265506F6C69637971007E00094C000673746174757371007E000978720027636F6D2E72756F79692E636F6D6D6F6E2E636F72652E646F6D61696E2E42617365456E7469747900000000000000010200074C0008637265617465427971007E00094C000A63726561746554696D657400104C6A6176612F7574696C2F446174653B4C0006706172616D7371007E00034C000672656D61726B71007E00094C000B73656172636856616C756571007E00094C0008757064617465427971007E00094C000A75706461746554696D6571007E000C787074000561646D696E7372000E6A6176612E7574696C2E44617465686A81014B59741903000078707708000001622CDE29E078707400007070707400013174000E302F3135202A202A202A202A203F74001572795461736B2E7279506172616D7328277279272974000744454641554C547372000E6A6176612E6C616E672E4C6F6E673B8BE490CC8F23DF0200014A000576616C7565787200106A6176612E6C616E672E4E756D62657286AC951D0B94E08B02000078700000000000000002740018E7B3BBE7BB9FE9BB98E8AEA4EFBC88E69C89E58F82EFBC8974000133740001317800);
INSERT INTO `qrtz_job_details` VALUES ('RuoyiScheduler', 'TASK_CLASS_NAME3', 'DEFAULT', null, 'com.ruoyi.quartz.util.QuartzDisallowConcurrentExecution', '0', '1', '0', '0', 0xACED0005737200156F72672E71756172747A2E4A6F62446174614D61709FB083E8BFA9B0CB020000787200266F72672E71756172747A2E7574696C732E537472696E674B65794469727479466C61674D61708208E8C3FBC55D280200015A0013616C6C6F77735472616E7369656E74446174617872001D6F72672E71756172747A2E7574696C732E4469727479466C61674D617013E62EAD28760ACE0200025A000564697274794C00036D617074000F4C6A6176612F7574696C2F4D61703B787001737200116A6176612E7574696C2E486173684D61700507DAC1C31660D103000246000A6C6F6164466163746F724900097468726573686F6C6478703F4000000000000C7708000000100000000174000F5441534B5F50524F504552544945537372001E636F6D2E72756F79692E71756172747A2E646F6D61696E2E5379734A6F6200000000000000010200084C000A636F6E63757272656E747400124C6A6176612F6C616E672F537472696E673B4C000E63726F6E45787072657373696F6E71007E00094C000C696E766F6B6554617267657471007E00094C00086A6F6247726F757071007E00094C00056A6F6249647400104C6A6176612F6C616E672F4C6F6E673B4C00076A6F624E616D6571007E00094C000D6D697366697265506F6C69637971007E00094C000673746174757371007E000978720027636F6D2E72756F79692E636F6D6D6F6E2E636F72652E646F6D61696E2E42617365456E7469747900000000000000010200074C0008637265617465427971007E00094C000A63726561746554696D657400104C6A6176612F7574696C2F446174653B4C0006706172616D7371007E00034C000672656D61726B71007E00094C000B73656172636856616C756571007E00094C0008757064617465427971007E00094C000A75706461746554696D6571007E000C787074000561646D696E7372000E6A6176612E7574696C2E44617465686A81014B59741903000078707708000001622CDE29E078707400007070707400013174000E302F3230202A202A202A202A203F74003872795461736B2E72794D756C7469706C65506172616D7328277279272C20747275652C20323030304C2C203331362E3530442C203130302974000744454641554C547372000E6A6176612E6C616E672E4C6F6E673B8BE490CC8F23DF0200014A000576616C7565787200106A6176612E6C616E672E4E756D62657286AC951D0B94E08B02000078700000000000000003740018E7B3BBE7BB9FE9BB98E8AEA4EFBC88E5A49AE58F82EFBC8974000133740001317800);

-- ----------------------------
-- Table structure for qrtz_locks
-- ----------------------------
DROP TABLE IF EXISTS `qrtz_locks`;
CREATE TABLE `qrtz_locks` (
  `sched_name` varchar(120) NOT NULL,
  `lock_name` varchar(40) NOT NULL,
  PRIMARY KEY (`sched_name`,`lock_name`)
) ENGINE=InnoDB DEFAULT CHARSET=utf8;

-- ----------------------------
-- Records of qrtz_locks
-- ----------------------------
INSERT INTO `qrtz_locks` VALUES ('RuoyiScheduler', 'STATE_ACCESS');
INSERT INTO `qrtz_locks` VALUES ('RuoyiScheduler', 'TRIGGER_ACCESS');

-- ----------------------------
-- Table structure for qrtz_paused_trigger_grps
-- ----------------------------
DROP TABLE IF EXISTS `qrtz_paused_trigger_grps`;
CREATE TABLE `qrtz_paused_trigger_grps` (
  `sched_name` varchar(120) NOT NULL,
  `trigger_group` varchar(200) NOT NULL,
  PRIMARY KEY (`sched_name`,`trigger_group`)
) ENGINE=InnoDB DEFAULT CHARSET=utf8;

-- ----------------------------
-- Records of qrtz_paused_trigger_grps
-- ----------------------------

-- ----------------------------
-- Table structure for qrtz_scheduler_state
-- ----------------------------
DROP TABLE IF EXISTS `qrtz_scheduler_state`;
CREATE TABLE `qrtz_scheduler_state` (
  `sched_name` varchar(120) NOT NULL,
  `instance_name` varchar(200) NOT NULL,
  `last_checkin_time` bigint(13) NOT NULL,
  `checkin_interval` bigint(13) NOT NULL,
  PRIMARY KEY (`sched_name`,`instance_name`)
) ENGINE=InnoDB DEFAULT CHARSET=utf8;

-- ----------------------------
-- Records of qrtz_scheduler_state
-- ----------------------------
INSERT INTO `qrtz_scheduler_state` VALUES ('RuoyiScheduler', 'DESKTOP-JBK8SRU1594482584261', '1594483233376', '15000');

-- ----------------------------
-- Table structure for qrtz_simple_triggers
-- ----------------------------
DROP TABLE IF EXISTS `qrtz_simple_triggers`;
CREATE TABLE `qrtz_simple_triggers` (
  `sched_name` varchar(120) NOT NULL,
  `trigger_name` varchar(200) NOT NULL,
  `trigger_group` varchar(200) NOT NULL,
  `repeat_count` bigint(7) NOT NULL,
  `repeat_interval` bigint(12) NOT NULL,
  `times_triggered` bigint(10) NOT NULL,
  PRIMARY KEY (`sched_name`,`trigger_name`,`trigger_group`),
  CONSTRAINT `qrtz_simple_triggers_ibfk_1` FOREIGN KEY (`sched_name`, `trigger_name`, `trigger_group`) REFERENCES `qrtz_triggers` (`sched_name`, `trigger_name`, `trigger_group`)
) ENGINE=InnoDB DEFAULT CHARSET=utf8;

-- ----------------------------
-- Records of qrtz_simple_triggers
-- ----------------------------

-- ----------------------------
-- Table structure for qrtz_simprop_triggers
-- ----------------------------
DROP TABLE IF EXISTS `qrtz_simprop_triggers`;
CREATE TABLE `qrtz_simprop_triggers` (
  `sched_name` varchar(120) NOT NULL,
  `trigger_name` varchar(200) NOT NULL,
  `trigger_group` varchar(200) NOT NULL,
  `str_prop_1` varchar(512) DEFAULT NULL,
  `str_prop_2` varchar(512) DEFAULT NULL,
  `str_prop_3` varchar(512) DEFAULT NULL,
  `int_prop_1` int(11) DEFAULT NULL,
  `int_prop_2` int(11) DEFAULT NULL,
  `long_prop_1` bigint(20) DEFAULT NULL,
  `long_prop_2` bigint(20) DEFAULT NULL,
  `dec_prop_1` decimal(13,4) DEFAULT NULL,
  `dec_prop_2` decimal(13,4) DEFAULT NULL,
  `bool_prop_1` varchar(1) DEFAULT NULL,
  `bool_prop_2` varchar(1) DEFAULT NULL,
  PRIMARY KEY (`sched_name`,`trigger_name`,`trigger_group`),
  CONSTRAINT `qrtz_simprop_triggers_ibfk_1` FOREIGN KEY (`sched_name`, `trigger_name`, `trigger_group`) REFERENCES `qrtz_triggers` (`sched_name`, `trigger_name`, `trigger_group`)
) ENGINE=InnoDB DEFAULT CHARSET=utf8;

-- ----------------------------
-- Records of qrtz_simprop_triggers
-- ----------------------------

-- ----------------------------
-- Table structure for qrtz_triggers
-- ----------------------------
DROP TABLE IF EXISTS `qrtz_triggers`;
CREATE TABLE `qrtz_triggers` (
  `sched_name` varchar(120) NOT NULL,
  `trigger_name` varchar(200) NOT NULL,
  `trigger_group` varchar(200) NOT NULL,
  `job_name` varchar(200) NOT NULL,
  `job_group` varchar(200) NOT NULL,
  `description` varchar(250) DEFAULT NULL,
  `next_fire_time` bigint(13) DEFAULT NULL,
  `prev_fire_time` bigint(13) DEFAULT NULL,
  `priority` int(11) DEFAULT NULL,
  `trigger_state` varchar(16) NOT NULL,
  `trigger_type` varchar(8) NOT NULL,
  `start_time` bigint(13) NOT NULL,
  `end_time` bigint(13) DEFAULT NULL,
  `calendar_name` varchar(200) DEFAULT NULL,
  `misfire_instr` smallint(2) DEFAULT NULL,
  `job_data` blob,
  PRIMARY KEY (`sched_name`,`trigger_name`,`trigger_group`),
  KEY `sched_name` (`sched_name`,`job_name`,`job_group`),
  CONSTRAINT `qrtz_triggers_ibfk_1` FOREIGN KEY (`sched_name`, `job_name`, `job_group`) REFERENCES `qrtz_job_details` (`sched_name`, `job_name`, `job_group`)
) ENGINE=InnoDB DEFAULT CHARSET=utf8;

-- ----------------------------
-- Records of qrtz_triggers
-- ----------------------------
INSERT INTO `qrtz_triggers` VALUES ('RuoyiScheduler', 'TASK_CLASS_NAME1', 'DEFAULT', 'TASK_CLASS_NAME1', 'DEFAULT', null, '1594482590000', '-1', '5', 'PAUSED', 'CRON', '1594482584000', '0', null, '2', '');
INSERT INTO `qrtz_triggers` VALUES ('RuoyiScheduler', 'TASK_CLASS_NAME2', 'DEFAULT', 'TASK_CLASS_NAME2', 'DEFAULT', null, '1594482585000', '-1', '5', 'PAUSED', 'CRON', '1594482584000', '0', null, '2', '');
INSERT INTO `qrtz_triggers` VALUES ('RuoyiScheduler', 'TASK_CLASS_NAME3', 'DEFAULT', 'TASK_CLASS_NAME3', 'DEFAULT', null, '1594482600000', '-1', '5', 'PAUSED', 'CRON', '1594482584000', '0', null, '2', '');

-- ----------------------------
-- Table structure for sys_config
-- ----------------------------
DROP TABLE IF EXISTS `sys_config`;
CREATE TABLE `sys_config` (
  `config_id` int(5) NOT NULL AUTO_INCREMENT COMMENT '',
  `config_name` varchar(100) DEFAULT '' COMMENT '',
  `config_key` varchar(100) DEFAULT '' COMMENT '',
  `config_value` varchar(500) DEFAULT '' COMMENT '',
  `config_type` char(1) DEFAULT 'N' COMMENT 'Y N',
  `create_by` varchar(64) DEFAULT '' COMMENT '',
  `create_time` datetime DEFAULT NULL COMMENT '',
  `update_by` varchar(64) DEFAULT '' COMMENT '',
  `update_time` datetime DEFAULT NULL COMMENT '',
  `remark` varchar(500) DEFAULT NULL COMMENT '',
  PRIMARY KEY (`config_id`)
) ENGINE=InnoDB AUTO_INCREMENT=100 DEFAULT CHARSET=utf8 COMMENT='';

-- ----------------------------
-- Records of sys_config
-- ----------------------------
INSERT INTO `sys_config` VALUES ('1', '-', 'sys.index.skinName', 'skin-blue', 'Y', 'admin', '2018-03-16 11:33:00', 'ry', '2018-03-16 11:33:00', ' skin-blue skin-green skin-purple skin-red skin-yellow');
INSERT INTO `sys_config` VALUES ('2', '-', 'sys.user.initPassword', '123456', 'Y', 'admin', '2018-03-16 11:33:00', 'ry', '2018-03-16 11:33:00', ' 123456');
INSERT INTO `sys_config` VALUES ('3', '-', 'sys.index.sideTheme', 'theme-dark', 'Y', 'admin', '2018-03-16 11:33:00', 'ry', '2018-03-16 11:33:00', 'theme-darktheme-lighttheme-blue');
INSERT INTO `sys_config` VALUES ('4', '-', 'sys.account.registerUser', 'false', 'Y', 'admin', '2018-03-16 11:33:00', 'ry', '2018-03-16 11:33:00', '');

-- ----------------------------
-- Table structure for sys_dept
-- ----------------------------
DROP TABLE IF EXISTS `sys_dept`;
CREATE TABLE `sys_dept` (
  `dept_id` bigint(20) NOT NULL AUTO_INCREMENT COMMENT 'id',
  `parent_id` bigint(20) DEFAULT '0' COMMENT 'id',
  `ancestors` varchar(50) DEFAULT '' COMMENT '',
  `dept_name` varchar(30) DEFAULT '' COMMENT '',
  `order_num` int(4) DEFAULT '0' COMMENT '',
  `leader` varchar(20) DEFAULT NULL COMMENT '',
  `phone` varchar(11) DEFAULT NULL COMMENT '',
  `email` varchar(50) DEFAULT NULL COMMENT '',
  `status` char(1) DEFAULT '0' COMMENT '0 1',
  `del_flag` char(1) DEFAULT '0' COMMENT '0 2',
  `create_by` varchar(64) DEFAULT '' COMMENT '',
  `create_time` datetime DEFAULT NULL COMMENT '',
  `update_by` varchar(64) DEFAULT '' COMMENT '',
  `update_time` datetime DEFAULT NULL COMMENT '',
  PRIMARY KEY (`dept_id`)
) ENGINE=InnoDB AUTO_INCREMENT=200 DEFAULT CHARSET=utf8 COMMENT='';

-- ----------------------------
-- Records of sys_dept
-- ----------------------------
INSERT INTO `sys_dept` VALUES ('100', '0', '0', '', '0', '', '15888888888', 'ry@qq.com', '0', '0', 'admin', '2018-03-16 11:33:00', 'ry', '2018-03-16 11:33:00');
INSERT INTO `sys_dept` VALUES ('101', '100', '0,100', '', '1', '', '15888888888', 'ry@qq.com', '0', '0', 'admin', '2018-03-16 11:33:00', 'ry', '2018-03-16 11:33:00');
INSERT INTO `sys_dept` VALUES ('102', '100', '0,100', '', '2', '', '15888888888', 'ry@qq.com', '0', '0', 'admin', '2018-03-16 11:33:00', 'ry', '2018-03-16 11:33:00');
INSERT INTO `sys_dept` VALUES ('103', '101', '0,100,101', '', '1', '', '15888888888', 'ry@qq.com', '0', '0', 'admin', '2018-03-16 11:33:00', 'ry', '2018-03-16 11:33:00');
INSERT INTO `sys_dept` VALUES ('104', '101', '0,100,101', '', '2', '', '15888888888', 'ry@qq.com', '0', '0', 'admin', '2018-03-16 11:33:00', 'ry', '2018-03-16 11:33:00');
INSERT INTO `sys_dept` VALUES ('105', '101', '0,100,101', '', '3', '', '15888888888', 'ry@qq.com', '0', '0', 'admin', '2018-03-16 11:33:00', 'ry', '2018-03-16 11:33:00');
INSERT INTO `sys_dept` VALUES ('106', '101', '0,100,101', '', '4', '', '15888888888', 'ry@qq.com', '0', '0', 'admin', '2018-03-16 11:33:00', 'ry', '2018-03-16 11:33:00');
INSERT INTO `sys_dept` VALUES ('107', '101', '0,100,101', '', '5', '', '15888888888', 'ry@qq.com', '0', '0', 'admin', '2018-03-16 11:33:00', 'ry', '2018-03-16 11:33:00');
INSERT INTO `sys_dept` VALUES ('108', '102', '0,100,102', '', '1', '', '15888888888', 'ry@qq.com', '0', '0', 'admin', '2018-03-16 11:33:00', 'ry', '2018-03-16 11:33:00');
INSERT INTO `sys_dept` VALUES ('109', '102', '0,100,102', '', '2', '', '15888888888', 'ry@qq.com', '0', '0', 'admin', '2018-03-16 11:33:00', 'ry', '2018-03-16 11:33:00');

-- ----------------------------
-- Table structure for sys_dict_data
-- ----------------------------
DROP TABLE IF EXISTS `sys_dict_data`;
CREATE TABLE `sys_dict_data` (
  `dict_code` bigint(20) NOT NULL AUTO_INCREMENT COMMENT '',
  `dict_sort` int(4) DEFAULT '0' COMMENT '',
  `dict_label` varchar(100) DEFAULT '' COMMENT '',
  `dict_value` varchar(100) DEFAULT '' COMMENT '',
  `dict_type` varchar(100) DEFAULT '' COMMENT '',
  `css_class` varchar(100) DEFAULT NULL COMMENT '',
  `list_class` varchar(100) DEFAULT NULL COMMENT '',
  `is_default` char(1) DEFAULT 'N' COMMENT 'Y N',
  `status` char(1) DEFAULT '0' COMMENT '0 1',
  `create_by` varchar(64) DEFAULT '' COMMENT '',
  `create_time` datetime DEFAULT NULL COMMENT '',
  `update_by` varchar(64) DEFAULT '' COMMENT '',
  `update_time` datetime DEFAULT NULL COMMENT '',
  `remark` varchar(500) DEFAULT NULL COMMENT '',
  PRIMARY KEY (`dict_code`)
) ENGINE=InnoDB AUTO_INCREMENT=102 DEFAULT CHARSET=utf8 COMMENT='';

-- ----------------------------
-- Records of sys_dict_data
-- ----------------------------
INSERT INTO `sys_dict_data` VALUES ('1', '1', '', '0', 'sys_user_sex', '', '', 'Y', '0', 'admin', '2018-03-16 11:33:00', 'ry', '2018-03-16 11:33:00', '');
INSERT INTO `sys_dict_data` VALUES ('2', '2', '', '1', 'sys_user_sex', '', '', 'N', '0', 'admin', '2018-03-16 11:33:00', 'ry', '2018-03-16 11:33:00', '');
INSERT INTO `sys_dict_data` VALUES ('3', '3', '', '2', 'sys_user_sex', '', '', 'N', '0', 'admin', '2018-03-16 11:33:00', 'ry', '2018-03-16 11:33:00', '');
INSERT INTO `sys_dict_data` VALUES ('4', '1', '', '0', 'sys_show_hide', '', 'primary', 'Y', '0', 'admin', '2018-03-16 11:33:00', 'ry', '2018-03-16 11:33:00', '');
INSERT INTO `sys_dict_data` VALUES ('5', '2', '', '1', 'sys_show_hide', '', 'danger', 'N', '0', 'admin', '2018-03-16 11:33:00', 'ry', '2018-03-16 11:33:00', '');
INSERT INTO `sys_dict_data` VALUES ('6', '1', '', '0', 'sys_normal_disable', '', 'primary', 'Y', '0', 'admin', '2018-03-16 11:33:00', 'ry', '2018-03-16 11:33:00', '');
INSERT INTO `sys_dict_data` VALUES ('7', '2', '', '1', 'sys_normal_disable', '', 'danger', 'N', '0', 'admin', '2018-03-16 11:33:00', 'ry', '2018-03-16 11:33:00', '');
INSERT INTO `sys_dict_data` VALUES ('8', '1', '', '0', 'sys_job_status', '', 'primary', 'Y', '0', 'admin', '2018-03-16 11:33:00', 'ry', '2018-03-16 11:33:00', '');
INSERT INTO `sys_dict_data` VALUES ('9', '2', '', '1', 'sys_job_status', '', 'danger', 'N', '0', 'admin', '2018-03-16 11:33:00', 'ry', '2018-03-16 11:33:00', '');
INSERT INTO `sys_dict_data` VALUES ('10', '1', '', 'DEFAULT', 'sys_job_group', '', '', 'Y', '0', 'admin', '2018-03-16 11:33:00', 'ry', '2018-03-16 11:33:00', '');
INSERT INTO `sys_dict_data` VALUES ('11', '2', '', 'SYSTEM', 'sys_job_group', '', '', 'N', '0', 'admin', '2018-03-16 11:33:00', 'ry', '2018-03-16 11:33:00', '');
INSERT INTO `sys_dict_data` VALUES ('12', '1', '', 'Y', 'sys_yes_no', '', 'primary', 'Y', '0', 'admin', '2018-03-16 11:33:00', 'ry', '2018-03-16 11:33:00', '');
INSERT INTO `sys_dict_data` VALUES ('13', '2', '', 'N', 'sys_yes_no', '', 'danger', 'N', '0', 'admin', '2018-03-16 11:33:00', 'ry', '2018-03-16 11:33:00', '');
INSERT INTO `sys_dict_data` VALUES ('14', '1', '', '1', 'sys_notice_type', '', 'warning', 'Y', '0', 'admin', '2018-03-16 11:33:00', 'ry', '2018-03-16 11:33:00', '');
INSERT INTO `sys_dict_data` VALUES ('15', '2', '', '2', 'sys_notice_type', '', 'success', 'N', '0', 'admin', '2018-03-16 11:33:00', 'ry', '2018-03-16 11:33:00', '');
INSERT INTO `sys_dict_data` VALUES ('16', '1', '', '0', 'sys_notice_status', '', 'primary', 'Y', '0', 'admin', '2018-03-16 11:33:00', 'ry', '2018-03-16 11:33:00', '');
INSERT INTO `sys_dict_data` VALUES ('17', '2', '', '1', 'sys_notice_status', '', 'danger', 'N', '0', 'admin', '2018-03-16 11:33:00', 'ry', '2018-03-16 11:33:00', '');
INSERT INTO `sys_dict_data` VALUES ('18', '99', '', '0', 'sys_oper_type', '', 'info', 'N', '0', 'admin', '2018-03-16 11:33:00', 'ry', '2018-03-16 11:33:00', '');
INSERT INTO `sys_dict_data` VALUES ('19', '1', '', '1', 'sys_oper_type', '', 'info', 'N', '0', 'admin', '2018-03-16 11:33:00', 'ry', '2018-03-16 11:33:00', '');
INSERT INTO `sys_dict_data` VALUES ('20', '2', '', '2', 'sys_oper_type', '', 'info', 'N', '0', 'admin', '2018-03-16 11:33:00', 'ry', '2018-03-16 11:33:00', '');
INSERT INTO `sys_dict_data` VALUES ('21', '3', '', '3', 'sys_oper_type', '', 'danger', 'N', '0', 'admin', '2018-03-16 11:33:00', 'ry', '2018-03-16 11:33:00', '');
INSERT INTO `sys_dict_data` VALUES ('22', '4', '', '4', 'sys_oper_type', '', 'primary', 'N', '0', 'admin', '2018-03-16 11:33:00', 'ry', '2018-03-16 11:33:00', '');
INSERT INTO `sys_dict_data` VALUES ('23', '5', '', '5', 'sys_oper_type', '', 'warning', 'N', '0', 'admin', '2018-03-16 11:33:00', 'ry', '2018-03-16 11:33:00', '');
INSERT INTO `sys_dict_data` VALUES ('24', '6', '', '6', 'sys_oper_type', '', 'warning', 'N', '0', 'admin', '2018-03-16 11:33:00', 'ry', '2018-03-16 11:33:00', '');
INSERT INTO `sys_dict_data` VALUES ('25', '7', '', '7', 'sys_oper_type', '', 'danger', 'N', '0', 'admin', '2018-03-16 11:33:00', 'ry', '2018-03-16 11:33:00', '');
INSERT INTO `sys_dict_data` VALUES ('26', '8', '', '8', 'sys_oper_type', '', 'warning', 'N', '0', 'admin', '2018-03-16 11:33:00', 'ry', '2018-03-16 11:33:00', '');
INSERT INTO `sys_dict_data` VALUES ('27', '9', '', '9', 'sys_oper_type', '', 'danger', 'N', '0', 'admin', '2018-03-16 11:33:00', 'ry', '2018-03-16 11:33:00', '');
INSERT INTO `sys_dict_data` VALUES ('28', '1', '', '0', 'sys_common_status', '', 'primary', 'N', '0', 'admin', '2018-03-16 11:33:00', 'ry', '2018-03-16 11:33:00', '');
INSERT INTO `sys_dict_data` VALUES ('29', '2', '', '1', 'sys_common_status', '', 'danger', 'N', '0', 'admin', '2018-03-16 11:33:00', 'ry', '2018-03-16 11:33:00', '');
INSERT INTO `sys_dict_data` VALUES ('100', '1', '', 'leave', 'biz_leave_type', null, null, 'Y', '0', 'admin', '2020-07-11 23:13:13', '', null, null);
INSERT INTO `sys_dict_data` VALUES ('101', '2', '', 'leaveCountsign', 'biz_leave_type', null, null, 'Y', '0', 'admin', '2020-07-11 23:13:34', '', null, null);

-- ----------------------------
-- Table structure for sys_dict_type
-- ----------------------------
DROP TABLE IF EXISTS `sys_dict_type`;
CREATE TABLE `sys_dict_type` (
  `dict_id` bigint(20) NOT NULL AUTO_INCREMENT COMMENT '',
  `dict_name` varchar(100) DEFAULT '' COMMENT '',
  `dict_type` varchar(100) DEFAULT '' COMMENT '',
  `status` char(1) DEFAULT '0' COMMENT '0 1',
  `create_by` varchar(64) DEFAULT '' COMMENT '',
  `create_time` datetime DEFAULT NULL COMMENT '',
  `update_by` varchar(64) DEFAULT '' COMMENT '',
  `update_time` datetime DEFAULT NULL COMMENT '',
  `remark` varchar(500) DEFAULT NULL COMMENT '',
  PRIMARY KEY (`dict_id`),
  UNIQUE KEY `dict_type` (`dict_type`)
) ENGINE=InnoDB AUTO_INCREMENT=101 DEFAULT CHARSET=utf8 COMMENT='';

-- ----------------------------
-- Records of sys_dict_type
-- ----------------------------
INSERT INTO `sys_dict_type` VALUES ('1', '', 'sys_user_sex', '0', 'admin', '2018-03-16 11:33:00', 'ry', '2018-03-16 11:33:00', '');
INSERT INTO `sys_dict_type` VALUES ('2', '', 'sys_show_hide', '0', 'admin', '2018-03-16 11:33:00', 'ry', '2018-03-16 11:33:00', '');
INSERT INTO `sys_dict_type` VALUES ('3', '', 'sys_normal_disable', '0', 'admin', '2018-03-16 11:33:00', 'ry', '2018-03-16 11:33:00', '');
INSERT INTO `sys_dict_type` VALUES ('4', '', 'sys_job_status', '0', 'admin', '2018-03-16 11:33:00', 'ry', '2018-03-16 11:33:00', '');
INSERT INTO `sys_dict_type` VALUES ('5', '', 'sys_job_group', '0', 'admin', '2018-03-16 11:33:00', 'ry', '2018-03-16 11:33:00', '');
INSERT INTO `sys_dict_type` VALUES ('6', '', 'sys_yes_no', '0', 'admin', '2018-03-16 11:33:00', 'ry', '2018-03-16 11:33:00', '');
INSERT INTO `sys_dict_type` VALUES ('7', '', 'sys_notice_type', '0', 'admin', '2018-03-16 11:33:00', 'ry', '2018-03-16 11:33:00', '');
INSERT INTO `sys_dict_type` VALUES ('8', '', 'sys_notice_status', '0', 'admin', '2018-03-16 11:33:00', 'ry', '2018-03-16 11:33:00', '');
INSERT INTO `sys_dict_type` VALUES ('9', '', 'sys_oper_type', '0', 'admin', '2018-03-16 11:33:00', 'ry', '2018-03-16 11:33:00', '');
INSERT INTO `sys_dict_type` VALUES ('10', '', 'sys_common_status', '0', 'admin', '2018-03-16 11:33:00', 'ry', '2018-03-16 11:33:00', '');
INSERT INTO `sys_dict_type` VALUES ('100', '', 'biz_leave_type', '0', 'admin', '2020-07-11 23:12:49', '', null, null);

-- ----------------------------
-- Table structure for sys_job
-- ----------------------------
DROP TABLE IF EXISTS `sys_job`;
CREATE TABLE `sys_job` (
  `job_id` bigint(20) NOT NULL AUTO_INCREMENT COMMENT 'ID',
  `job_name` varchar(64) NOT NULL DEFAULT '' COMMENT '',
  `job_group` varchar(64) NOT NULL DEFAULT 'DEFAULT' COMMENT '',
  `invoke_target` varchar(500) NOT NULL COMMENT '',
  `cron_expression` varchar(255) DEFAULT '' COMMENT 'cron',
  `misfire_policy` varchar(20) DEFAULT '3' COMMENT '1 2 3',
  `concurrent` char(1) DEFAULT '1' COMMENT '0 1',
  `status` char(1) DEFAULT '0' COMMENT '0 1',
  `create_by` varchar(64) DEFAULT '' COMMENT '',
  `create_time` datetime DEFAULT NULL COMMENT '',
  `update_by` varchar(64) DEFAULT '' COMMENT '',
  `update_time` datetime DEFAULT NULL COMMENT '',
  `remark` varchar(500) DEFAULT '' COMMENT '',
  PRIMARY KEY (`job_id`,`job_name`,`job_group`)
) ENGINE=InnoDB AUTO_INCREMENT=100 DEFAULT CHARSET=utf8 COMMENT='';

-- ----------------------------
-- Records of sys_job
-- ----------------------------
INSERT INTO `sys_job` VALUES ('1', '', 'DEFAULT', 'ryTask.ryNoParams', '0/10 * * * * ?', '3', '1', '1', 'admin', '2018-03-16 11:33:00', 'ry', '2018-03-16 11:33:00', '');
INSERT INTO `sys_job` VALUES ('2', '', 'DEFAULT', 'ryTask.ryParams(\'ry\')', '0/15 * * * * ?', '3', '1', '1', 'admin', '2018-03-16 11:33:00', 'ry', '2018-03-16 11:33:00', '');
INSERT INTO `sys_job` VALUES ('3', '', 'DEFAULT', 'ryTask.ryMultipleParams(\'ry\', true, 2000L, 316.50D, 100)', '0/20 * * * * ?', '3', '1', '1', 'admin', '2018-03-16 11:33:00', 'ry', '2018-03-16 11:33:00', '');

-- ----------------------------
-- Table structure for sys_job_log
-- ----------------------------
DROP TABLE IF EXISTS `sys_job_log`;
CREATE TABLE `sys_job_log` (
  `job_log_id` bigint(20) NOT NULL AUTO_INCREMENT COMMENT 'ID',
  `job_name` varchar(64) NOT NULL COMMENT '',
  `job_group` varchar(64) NOT NULL COMMENT '',
  `invoke_target` varchar(500) NOT NULL COMMENT '',
  `job_message` varchar(500) DEFAULT NULL COMMENT '',
  `status` char(1) DEFAULT '0' COMMENT '0 1',
  `exception_info` varchar(2000) DEFAULT '' COMMENT '',
  `create_time` datetime DEFAULT NULL COMMENT '',
  PRIMARY KEY (`job_log_id`)
) ENGINE=InnoDB DEFAULT CHARSET=utf8 COMMENT='';

-- ----------------------------
-- Records of sys_job_log
-- ----------------------------

-- ----------------------------
-- Table structure for sys_logininfor
-- ----------------------------
DROP TABLE IF EXISTS `sys_logininfor`;
CREATE TABLE `sys_logininfor` (
  `info_id` bigint(20) NOT NULL AUTO_INCREMENT COMMENT 'ID',
  `login_name` varchar(50) DEFAULT '' COMMENT '',
  `ipaddr` varchar(50) DEFAULT '' COMMENT 'IP',
  `login_location` varchar(255) DEFAULT '' COMMENT '',
  `browser` varchar(50) DEFAULT '' COMMENT '',
  `os` varchar(50) DEFAULT '' COMMENT '',
  `status` char(1) DEFAULT '0' COMMENT '0 1',
  `msg` varchar(255) DEFAULT '' COMMENT '',
  `login_time` datetime DEFAULT NULL COMMENT '',
  PRIMARY KEY (`info_id`)
) ENGINE=InnoDB AUTO_INCREMENT=207 DEFAULT CHARSET=utf8 COMMENT='';

-- ----------------------------
-- Records of sys_logininfor
-- ----------------------------
INSERT INTO `sys_logininfor` VALUES ('100', 'admin', '127.0.0.1', 'IP', 'Chrome 8', 'Windows 10', '1', '', '2020-07-08 20:52:10');
INSERT INTO `sys_logininfor` VALUES ('101', 'admin', '127.0.0.1', 'IP', 'Chrome 8', 'Windows 10', '1', '', '2020-07-08 20:52:13');
INSERT INTO `sys_logininfor` VALUES ('102', 'admin', '127.0.0.1', 'IP', 'Chrome 8', 'Windows 10', '0', '', '2020-07-08 20:52:15');
INSERT INTO `sys_logininfor` VALUES ('103', 'admin', '127.0.0.1', 'IP', 'Chrome 8', 'Windows 10', '0', '', '2020-07-08 20:54:21');
INSERT INTO `sys_logininfor` VALUES ('104', 'admin', '127.0.0.1', 'IP', 'Chrome 8', 'Windows 10', '0', '', '2020-07-08 20:54:47');
INSERT INTO `sys_logininfor` VALUES ('105', 'admin', '127.0.0.1', 'IP', 'Chrome 8', 'Windows 10', '0', '', '2020-07-08 20:55:18');
INSERT INTO `sys_logininfor` VALUES ('106', 'admin', '127.0.0.1', 'IP', 'Chrome 8', 'Windows 10', '0', '', '2020-07-08 21:04:12');
INSERT INTO `sys_logininfor` VALUES ('107', 'admin', '127.0.0.1', 'IP', 'Chrome 8', 'Windows 10', '1', '', '2020-07-08 21:06:56');
INSERT INTO `sys_logininfor` VALUES ('108', 'admin', '127.0.0.1', 'IP', 'Chrome 8', 'Windows 10', '0', '', '2020-07-08 21:07:02');
INSERT INTO `sys_logininfor` VALUES ('109', 'admin', '127.0.0.1', 'IP', 'Chrome 8', 'Windows 10', '0', '', '2020-07-08 21:07:56');
INSERT INTO `sys_logininfor` VALUES ('110', 'admin', '127.0.0.1', 'IP', 'Chrome 8', 'Windows 10', '0', '', '2020-07-08 21:08:56');
INSERT INTO `sys_logininfor` VALUES ('111', 'admin', '127.0.0.1', 'IP', 'Chrome 8', 'Windows 10', '0', '', '2020-07-08 21:09:43');
INSERT INTO `sys_logininfor` VALUES ('112', 'admin', '127.0.0.1', 'IP', 'Chrome 8', 'Windows 10', '0', '', '2020-07-08 21:40:39');
INSERT INTO `sys_logininfor` VALUES ('113', 'admin', '127.0.0.1', 'IP', 'Chrome 8', 'Windows 10', '0', '', '2020-07-08 22:23:17');
INSERT INTO `sys_logininfor` VALUES ('114', 'admin', '127.0.0.1', 'IP', 'Chrome 8', 'Windows 10', '0', '', '2020-07-08 23:35:22');
INSERT INTO `sys_logininfor` VALUES ('115', 'admin', '127.0.0.1', 'IP', 'Chrome 8', 'Windows 10', '0', '', '2020-07-11 20:25:18');
INSERT INTO `sys_logininfor` VALUES ('116', 'admin', '127.0.0.1', 'IP', 'Chrome 8', 'Windows 10', '1', '', '2020-07-11 20:25:47');
INSERT INTO `sys_logininfor` VALUES ('117', 'admin', '127.0.0.1', 'IP', 'Chrome 8', 'Windows 10', '0', '', '2020-07-11 20:25:48');
INSERT INTO `sys_logininfor` VALUES ('118', 'admin', '127.0.0.1', 'IP', 'Chrome 8', 'Windows 10', '0', '', '2020-07-11 20:28:48');
INSERT INTO `sys_logininfor` VALUES ('119', 'admin', '127.0.0.1', 'IP', 'Chrome 8', 'Windows 10', '1', '', '2020-07-11 20:58:09');
INSERT INTO `sys_logininfor` VALUES ('120', 'admin', '127.0.0.1', 'IP', 'Chrome 8', 'Windows 10', '0', '', '2020-07-11 20:58:12');
INSERT INTO `sys_logininfor` VALUES ('121', 'admin', '127.0.0.1', 'IP', 'Chrome 8', 'Windows 10', '1', '', '2020-07-11 20:59:13');
INSERT INTO `sys_logininfor` VALUES ('122', 'admin', '127.0.0.1', 'IP', 'Chrome 8', 'Windows 10', '1', '', '2020-07-11 20:59:15');
INSERT INTO `sys_logininfor` VALUES ('123', 'admin', '127.0.0.1', 'IP', 'Chrome 8', 'Windows 10', '0', '', '2020-07-11 20:59:17');
INSERT INTO `sys_logininfor` VALUES ('124', 'admin', '127.0.0.1', 'IP', 'Chrome 8', 'Windows 10', '1', '', '2020-07-11 21:02:53');
INSERT INTO `sys_logininfor` VALUES ('125', 'admin', '127.0.0.1', 'IP', 'Chrome 8', 'Windows 10', '0', '', '2020-07-11 21:02:55');
INSERT INTO `sys_logininfor` VALUES ('126', 'admin', '127.0.0.1', 'IP', 'Chrome 8', 'Windows 10', '1', '', '2020-07-11 21:07:30');
INSERT INTO `sys_logininfor` VALUES ('127', 'admin', '127.0.0.1', 'IP', 'Chrome 8', 'Windows 10', '1', '', '2020-07-11 21:07:33');
INSERT INTO `sys_logininfor` VALUES ('128', 'admin', '127.0.0.1', 'IP', 'Chrome 8', 'Windows 10', '0', '', '2020-07-11 21:07:35');
INSERT INTO `sys_logininfor` VALUES ('129', 'admin', '127.0.0.1', 'IP', 'Chrome 8', 'Windows 10', '1', '', '2020-07-11 22:02:48');
INSERT INTO `sys_logininfor` VALUES ('130', 'admin', '127.0.0.1', 'IP', 'Chrome 8', 'Windows 10', '1', '', '2020-07-11 22:02:51');
INSERT INTO `sys_logininfor` VALUES ('131', 'admin', '127.0.0.1', 'IP', 'Chrome 8', 'Windows 10', '1', '', '2020-07-11 22:02:54');
INSERT INTO `sys_logininfor` VALUES ('132', 'admin', '127.0.0.1', 'IP', 'Chrome 8', 'Windows 10', '1', '', '2020-07-11 22:02:57');
INSERT INTO `sys_logininfor` VALUES ('133', 'admin', '127.0.0.1', 'IP', 'Chrome 8', 'Windows 10', '0', '', '2020-07-11 22:02:59');
INSERT INTO `sys_logininfor` VALUES ('134', 'admin', '127.0.0.1', 'IP', 'Chrome 8', 'Windows 10', '0', '', '2020-07-11 22:03:21');
INSERT INTO `sys_logininfor` VALUES ('135', 'chengxy', '127.0.0.1', 'IP', 'Chrome 8', 'Windows 10', '1', '/', '2020-07-11 22:03:29');
INSERT INTO `sys_logininfor` VALUES ('136', 'chengxy', '127.0.0.1', 'IP', 'Chrome 8', 'Windows 10', '1', '', '2020-07-11 22:03:34');
INSERT INTO `sys_logininfor` VALUES ('137', 'chengxy', '127.0.0.1', 'IP', 'Chrome 8', 'Windows 10', '1', '/', '2020-07-11 22:03:37');
INSERT INTO `sys_logininfor` VALUES ('138', 'admin', '127.0.0.1', 'IP', 'Chrome 8', 'Windows 10', '0', '', '2020-07-11 22:03:43');
INSERT INTO `sys_logininfor` VALUES ('139', 'admin', '127.0.0.1', 'IP', 'Chrome 8', 'Windows 10', '0', '', '2020-07-11 22:12:16');
INSERT INTO `sys_logininfor` VALUES ('140', 'chengxy', '127.0.0.1', 'IP', 'Chrome 8', 'Windows 10', '1', '', '2020-07-11 22:12:28');
INSERT INTO `sys_logininfor` VALUES ('141', 'chengxy', '127.0.0.1', 'IP', 'Chrome 8', 'Windows 10', '1', '', '2020-07-11 22:12:33');
INSERT INTO `sys_logininfor` VALUES ('142', 'chengxy', '127.0.0.1', 'IP', 'Chrome 8', 'Windows 10', '1', '', '2020-07-11 22:12:35');
INSERT INTO `sys_logininfor` VALUES ('143', 'chengxy', '127.0.0.1', 'IP', 'Chrome 8', 'Windows 10', '0', '', '2020-07-11 22:12:38');
INSERT INTO `sys_logininfor` VALUES ('144', 'chengxy', '127.0.0.1', 'IP', 'Chrome 8', 'Windows 10', '1', '', '2020-07-11 22:16:59');
INSERT INTO `sys_logininfor` VALUES ('145', 'chengxy', '127.0.0.1', 'IP', 'Chrome 8', 'Windows 10', '0', '', '2020-07-11 22:17:04');
INSERT INTO `sys_logininfor` VALUES ('146', 'chengxy', '127.0.0.1', 'IP', 'Chrome 8', 'Windows 10', '0', '', '2020-07-11 22:18:38');
INSERT INTO `sys_logininfor` VALUES ('147', 'chengxy', '127.0.0.1', 'IP', 'Chrome 8', 'Windows 10', '0', '', '2020-07-11 22:19:21');
INSERT INTO `sys_logininfor` VALUES ('148', 'admin', '127.0.0.1', 'IP', 'Chrome 8', 'Windows 10', '0', '', '2020-07-11 22:19:25');
INSERT INTO `sys_logininfor` VALUES ('149', 'admin', '127.0.0.1', 'IP', 'Chrome 8', 'Windows 10', '0', '', '2020-07-11 22:20:07');
INSERT INTO `sys_logininfor` VALUES ('150', 'chengxy', '127.0.0.1', 'IP', 'Chrome 8', 'Windows 10', '0', '', '2020-07-11 22:20:17');
INSERT INTO `sys_logininfor` VALUES ('151', 'chengxy', '127.0.0.1', 'IP', 'Chrome 8', 'Windows 10', '0', '', '2020-07-11 22:27:25');
INSERT INTO `sys_logininfor` VALUES ('152', 'chengxy', '127.0.0.1', 'IP', 'Chrome 8', 'Windows 10', '0', '', '2020-07-11 22:30:08');
INSERT INTO `sys_logininfor` VALUES ('153', 'axianlu', '127.0.0.1', 'IP', 'Chrome 8', 'Windows 10', '1', '', '2020-07-11 22:30:57');
INSERT INTO `sys_logininfor` VALUES ('154', 'axianlu', '127.0.0.1', 'IP', 'Chrome 8', 'Windows 10', '0', '', '2020-07-11 22:31:00');
INSERT INTO `sys_logininfor` VALUES ('155', 'axianlu', '127.0.0.1', 'IP', 'Chrome 8', 'Windows 10', '1', '', '2020-07-11 22:40:01');
INSERT INTO `sys_logininfor` VALUES ('156', 'axianlu', '127.0.0.1', 'IP', 'Chrome 8', 'Windows 10', '0', '', '2020-07-11 22:40:05');
INSERT INTO `sys_logininfor` VALUES ('157', 'axianlu', '127.0.0.1', 'IP', 'Chrome 8', 'Windows 10', '0', '', '2020-07-11 22:44:14');
INSERT INTO `sys_logininfor` VALUES ('158', 'axianlu', '127.0.0.1', 'IP', 'Chrome 8', 'Windows 10', '1', '', '2020-07-11 22:49:25');
INSERT INTO `sys_logininfor` VALUES ('159', 'axianlu', '127.0.0.1', 'IP', 'Chrome 8', 'Windows 10', '0', '', '2020-07-11 22:49:28');
INSERT INTO `sys_logininfor` VALUES ('160', 'axianlu', '127.0.0.1', 'IP', 'Chrome 8', 'Windows 10', '0', '', '2020-07-11 22:52:42');
INSERT INTO `sys_logininfor` VALUES ('161', 'axianlu', '127.0.0.1', 'IP', 'Chrome 8', 'Windows 10', '0', '', '2020-07-11 22:53:00');
INSERT INTO `sys_logininfor` VALUES ('162', 'admin', '127.0.0.1', 'IP', 'Chrome 8', 'Windows 10', '0', '', '2020-07-11 22:53:03');
INSERT INTO `sys_logininfor` VALUES ('163', 'admin', '127.0.0.1', 'IP', 'Chrome 8', 'Windows 10', '0', '', '2020-07-11 22:55:20');
INSERT INTO `sys_logininfor` VALUES ('164', 'axianlu', '127.0.0.1', 'IP', 'Chrome 8', 'Windows 10', '1', '', '2020-07-11 22:55:26');
INSERT INTO `sys_logininfor` VALUES ('165', 'axianlu', '127.0.0.1', 'IP', 'Chrome 8', 'Windows 10', '0', '', '2020-07-11 22:55:30');
INSERT INTO `sys_logininfor` VALUES ('166', 'axianlu', '127.0.0.1', 'IP', 'Chrome 8', 'Windows 10', '0', '', '2020-07-11 22:55:36');
INSERT INTO `sys_logininfor` VALUES ('167', 'admin', '127.0.0.1', 'IP', 'Chrome 8', 'Windows 10', '0', '', '2020-07-11 22:55:39');
INSERT INTO `sys_logininfor` VALUES ('168', 'admin', '127.0.0.1', 'IP', 'Chrome 8', 'Windows 10', '0', '', '2020-07-11 22:56:35');
INSERT INTO `sys_logininfor` VALUES ('169', 'axianlu', '127.0.0.1', 'IP', 'Chrome 8', 'Windows 10', '0', '', '2020-07-11 22:56:44');
INSERT INTO `sys_logininfor` VALUES ('170', 'chengxy', '127.0.0.1', 'IP', 'Chrome 8', 'Windows 10', '0', '', '2020-07-11 23:03:54');
INSERT INTO `sys_logininfor` VALUES ('171', 'chengxy', '127.0.0.1', 'IP', 'Chrome 8', 'Windows 10', '0', '', '2020-07-11 23:04:10');
INSERT INTO `sys_logininfor` VALUES ('172', 'axianlu', '127.0.0.1', 'IP', 'Chrome 8', 'Windows 10', '0', '', '2020-07-11 23:04:18');
INSERT INTO `sys_logininfor` VALUES ('173', 'chengxy', '127.0.0.1', 'IP', 'Chrome 8', 'Windows 10', '0', '', '2020-07-11 23:06:05');
INSERT INTO `sys_logininfor` VALUES ('174', 'axianlu', '127.0.0.1', 'IP', 'Chrome 8', 'Windows 10', '0', '', '2020-07-11 23:07:38');
INSERT INTO `sys_logininfor` VALUES ('175', 'axianlu', '127.0.0.1', 'IP', 'Chrome 8', 'Windows 10', '0', '', '2020-07-11 23:09:46');
INSERT INTO `sys_logininfor` VALUES ('176', 'rensm', '127.0.0.1', 'IP', 'Chrome 8', 'Windows 10', '0', '', '2020-07-11 23:09:53');
INSERT INTO `sys_logininfor` VALUES ('177', 'chengxy', '127.0.0.1', 'IP', 'Chrome 8', 'Windows 10', '0', '', '2020-07-11 23:12:22');
INSERT INTO `sys_logininfor` VALUES ('178', 'admin', '127.0.0.1', 'IP', 'Chrome 8', 'Windows 10', '0', '', '2020-07-11 23:12:26');
INSERT INTO `sys_logininfor` VALUES ('179', 'admin', '127.0.0.1', 'IP', 'Chrome 8', 'Windows 10', '0', '', '2020-07-11 23:13:53');
INSERT INTO `sys_logininfor` VALUES ('180', 'axianlu', '127.0.0.1', 'IP', 'Chrome 8', 'Windows 10', '0', '', '2020-07-11 23:14:04');
INSERT INTO `sys_logininfor` VALUES ('181', 'axianlu', '127.0.0.1', 'IP', 'Chrome 8', 'Windows 10', '0', '', '2020-07-11 23:14:18');
INSERT INTO `sys_logininfor` VALUES ('182', 'chengxy', '127.0.0.1', 'IP', 'Chrome 8', 'Windows 10', '0', '', '2020-07-11 23:14:26');
INSERT INTO `sys_logininfor` VALUES ('183', 'chengxy', '127.0.0.1', 'IP', 'Chrome 8', 'Windows 10', '0', '', '2020-07-11 23:14:44');
INSERT INTO `sys_logininfor` VALUES ('184', 'axianlu', '127.0.0.1', 'IP', 'Chrome 8', 'Windows 10', '0', '', '2020-07-11 23:14:55');
INSERT INTO `sys_logininfor` VALUES ('185', 'axianlu', '127.0.0.1', 'IP', 'Chrome 8', 'Windows 10', '0', '', '2020-07-11 23:15:07');
INSERT INTO `sys_logininfor` VALUES ('186', 'rensm', '127.0.0.1', 'IP', 'Chrome 8', 'Windows 10', '0', '', '2020-07-11 23:15:17');
INSERT INTO `sys_logininfor` VALUES ('187', 'rensm', '127.0.0.1', 'IP', 'Chrome 8', 'Windows 10', '0', '', '2020-07-11 23:15:30');
INSERT INTO `sys_logininfor` VALUES ('188', 'chengxy', '127.0.0.1', 'IP', 'Chrome 8', 'Windows 10', '0', '', '2020-07-11 23:15:38');
INSERT INTO `sys_logininfor` VALUES ('189', 'chengxy', '127.0.0.1', 'IP', 'Chrome 8', 'Windows 10', '0', '', '2020-07-11 23:16:32');
INSERT INTO `sys_logininfor` VALUES ('190', 'admin', '127.0.0.1', 'IP', 'Chrome 8', 'Windows 10', '0', '', '2020-07-11 23:19:00');
INSERT INTO `sys_logininfor` VALUES ('191', 'admin', '127.0.0.1', 'IP', 'Chrome 8', 'Windows 10', '0', '', '2020-07-11 23:20:38');
INSERT INTO `sys_logininfor` VALUES ('192', 'admin', '127.0.0.1', 'IP', 'Chrome 8', 'Windows 10', '0', '', '2020-07-11 23:21:34');
INSERT INTO `sys_logininfor` VALUES ('193', 'admin', '127.0.0.1', 'IP', 'Chrome 8', 'Windows 10', '0', '', '2020-07-11 23:30:44');
INSERT INTO `sys_logininfor` VALUES ('194', 'admin', '127.0.0.1', 'IP', 'Chrome 8', 'Windows 10', '0', '', '2020-07-11 23:30:50');
INSERT INTO `sys_logininfor` VALUES ('195', 'admin', '127.0.0.1', 'IP', 'Chrome 8', 'Windows 10', '0', '', '2020-07-11 23:33:08');
INSERT INTO `sys_logininfor` VALUES ('196', 'chengxy', '127.0.0.1', 'IP', 'Chrome 8', 'Windows 10', '0', '', '2020-07-11 23:33:20');
INSERT INTO `sys_logininfor` VALUES ('197', 'chengxy', '127.0.0.1', 'IP', 'Chrome 8', 'Windows 10', '0', '', '2020-07-11 23:35:35');
INSERT INTO `sys_logininfor` VALUES ('198', 'axianlu', '127.0.0.1', 'IP', 'Chrome 8', 'Windows 10', '0', '', '2020-07-11 23:35:46');
INSERT INTO `sys_logininfor` VALUES ('199', 'axianlu', '127.0.0.1', 'IP', 'Chrome 8', 'Windows 10', '0', '', '2020-07-11 23:39:16');
INSERT INTO `sys_logininfor` VALUES ('200', 'chengxy', '127.0.0.1', 'IP', 'Chrome 8', 'Windows 10', '0', '', '2020-07-11 23:39:24');
INSERT INTO `sys_logininfor` VALUES ('201', 'chengxy', '127.0.0.1', 'IP', 'Chrome 8', 'Windows 10', '0', '', '2020-07-11 23:39:42');
INSERT INTO `sys_logininfor` VALUES ('202', 'axianlu', '127.0.0.1', 'IP', 'Chrome 8', 'Windows 10', '0', '', '2020-07-11 23:39:49');
INSERT INTO `sys_logininfor` VALUES ('203', 'admin', '127.0.0.1', 'IP', 'Chrome 8', 'Windows 10', '0', '', '2020-07-11 23:49:54');
INSERT INTO `sys_logininfor` VALUES ('204', 'admin', '127.0.0.1', 'IP', 'Chrome 8', 'Windows 10', '0', '', '2020-07-11 23:53:37');
INSERT INTO `sys_logininfor` VALUES ('205', 'axianlu', '127.0.0.1', 'IP', 'Chrome 8', 'Windows 10', '1', '', '2020-07-11 23:53:44');
INSERT INTO `sys_logininfor` VALUES ('206', 'axianlu', '127.0.0.1', 'IP', 'Chrome 8', 'Windows 10', '0', '', '2020-07-11 23:53:49');

-- ----------------------------
-- Table structure for sys_menu
-- ----------------------------
DROP TABLE IF EXISTS `sys_menu`;
CREATE TABLE `sys_menu` (
  `menu_id` bigint(20) NOT NULL AUTO_INCREMENT COMMENT 'ID',
  `menu_name` varchar(50) NOT NULL COMMENT '',
  `parent_id` bigint(20) DEFAULT '0' COMMENT 'ID',
  `order_num` int(4) DEFAULT '0' COMMENT '',
  `url` varchar(200) DEFAULT '#' COMMENT '',
  `target` varchar(20) DEFAULT '' COMMENT 'menuItem menuBlank',
  `menu_type` char(1) DEFAULT '' COMMENT 'M C F',
  `visible` char(1) DEFAULT '0' COMMENT '0 1',
  `perms` varchar(100) DEFAULT NULL COMMENT '',
  `icon` varchar(100) DEFAULT '#' COMMENT '',
  `create_by` varchar(64) DEFAULT '' COMMENT '',
  `create_time` datetime DEFAULT NULL COMMENT '',
  `update_by` varchar(64) DEFAULT '' COMMENT '',
  `update_time` datetime DEFAULT NULL COMMENT '',
  `remark` varchar(500) DEFAULT '' COMMENT '',
  PRIMARY KEY (`menu_id`)
) ENGINE=InnoDB AUTO_INCREMENT=2010 DEFAULT CHARSET=utf8 COMMENT='';

-- ----------------------------
-- Records of sys_menu
-- ----------------------------
INSERT INTO `sys_menu` VALUES ('1', '', '0', '1', '#', '', 'M', '0', '', 'fa fa-gear', 'admin', '2018-03-16 11:33:00', 'ry', '2018-03-16 11:33:00', '');
INSERT INTO `sys_menu` VALUES ('2', '', '0', '2', '#', '', 'M', '0', '', 'fa fa-video-camera', 'admin', '2018-03-16 11:33:00', 'ry', '2018-03-16 11:33:00', '');
INSERT INTO `sys_menu` VALUES ('3', '', '0', '3', '#', '', 'M', '0', '', 'fa fa-bars', 'admin', '2018-03-16 11:33:00', 'ry', '2018-03-16 11:33:00', '');
INSERT INTO `sys_menu` VALUES ('4', '', '0', '4', 'http://ruoyi.vip', 'menuBlank', 'C', '0', '', 'fa fa-location-arrow', 'admin', '2018-03-16 11:33:00', 'ry', '2018-03-16 11:33:00', '');
INSERT INTO `sys_menu` VALUES ('100', '', '1', '1', '/system/user', '', 'C', '0', 'system:user:view', '#', 'admin', '2018-03-16 11:33:00', 'ry', '2018-03-16 11:33:00', '');
INSERT INTO `sys_menu` VALUES ('101', '', '1', '2', '/system/role', '', 'C', '0', 'system:role:view', '#', 'admin', '2018-03-16 11:33:00', 'ry', '2018-03-16 11:33:00', '');
INSERT INTO `sys_menu` VALUES ('102', '', '1', '3', '/system/menu', '', 'C', '0', 'system:menu:view', '#', 'admin', '2018-03-16 11:33:00', 'ry', '2018-03-16 11:33:00', '');
INSERT INTO `sys_menu` VALUES ('103', '', '1', '4', '/system/dept', '', 'C', '0', 'system:dept:view', '#', 'admin', '2018-03-16 11:33:00', 'ry', '2018-03-16 11:33:00', '');
INSERT INTO `sys_menu` VALUES ('104', '', '1', '5', '/system/post', '', 'C', '0', 'system:post:view', '#', 'admin', '2018-03-16 11:33:00', 'ry', '2018-03-16 11:33:00', '');
INSERT INTO `sys_menu` VALUES ('105', '', '1', '6', '/system/dict', '', 'C', '0', 'system:dict:view', '#', 'admin', '2018-03-16 11:33:00', 'ry', '2018-03-16 11:33:00', '');
INSERT INTO `sys_menu` VALUES ('106', '', '1', '7', '/system/config', '', 'C', '0', 'system:config:view', '#', 'admin', '2018-03-16 11:33:00', 'ry', '2018-03-16 11:33:00', '');
INSERT INTO `sys_menu` VALUES ('107', '', '1', '8', '/system/notice', '', 'C', '0', 'system:notice:view', '#', 'admin', '2018-03-16 11:33:00', 'ry', '2018-03-16 11:33:00', '');
INSERT INTO `sys_menu` VALUES ('108', '', '1', '9', '#', '', 'M', '0', '', '#', 'admin', '2018-03-16 11:33:00', 'ry', '2018-03-16 11:33:00', '');
INSERT INTO `sys_menu` VALUES ('109', '', '2', '1', '/monitor/online', '', 'C', '0', 'monitor:online:view', '#', 'admin', '2018-03-16 11:33:00', 'ry', '2018-03-16 11:33:00', '');
INSERT INTO `sys_menu` VALUES ('110', '', '2', '2', '/monitor/job', '', 'C', '0', 'monitor:job:view', '#', 'admin', '2018-03-16 11:33:00', 'ry', '2018-03-16 11:33:00', '');
INSERT INTO `sys_menu` VALUES ('111', '', '2', '3', '/monitor/data', '', 'C', '0', 'monitor:data:view', '#', 'admin', '2018-03-16 11:33:00', 'ry', '2018-03-16 11:33:00', '');
INSERT INTO `sys_menu` VALUES ('112', '', '2', '3', '/monitor/server', '', 'C', '0', 'monitor:server:view', '#', 'admin', '2018-03-16 11:33:00', 'ry', '2018-03-16 11:33:00', '');
INSERT INTO `sys_menu` VALUES ('113', '', '3', '1', '/tool/build', '', 'C', '0', 'tool:build:view', '#', 'admin', '2018-03-16 11:33:00', 'ry', '2018-03-16 11:33:00', '');
INSERT INTO `sys_menu` VALUES ('114', '', '3', '2', '/tool/gen', '', 'C', '0', 'tool:gen:view', '#', 'admin', '2018-03-16 11:33:00', 'ry', '2018-03-16 11:33:00', '');
INSERT INTO `sys_menu` VALUES ('115', '', '3', '3', '/tool/swagger', '', 'C', '0', 'tool:swagger:view', '#', 'admin', '2018-03-16 11:33:00', 'ry', '2018-03-16 11:33:00', '');
INSERT INTO `sys_menu` VALUES ('500', '', '108', '1', '/monitor/operlog', '', 'C', '0', 'monitor:operlog:view', '#', 'admin', '2018-03-16 11:33:00', 'ry', '2018-03-16 11:33:00', '');
INSERT INTO `sys_menu` VALUES ('501', '', '108', '2', '/monitor/logininfor', '', 'C', '0', 'monitor:logininfor:view', '#', 'admin', '2018-03-16 11:33:00', 'ry', '2018-03-16 11:33:00', '');
INSERT INTO `sys_menu` VALUES ('1000', '', '100', '1', '#', '', 'F', '0', 'system:user:list', '#', 'admin', '2018-03-16 11:33:00', 'ry', '2018-03-16 11:33:00', '');
INSERT INTO `sys_menu` VALUES ('1001', '', '100', '2', '#', '', 'F', '0', 'system:user:add', '#', 'admin', '2018-03-16 11:33:00', 'ry', '2018-03-16 11:33:00', '');
INSERT INTO `sys_menu` VALUES ('1002', '', '100', '3', '#', '', 'F', '0', 'system:user:edit', '#', 'admin', '2018-03-16 11:33:00', 'ry', '2018-03-16 11:33:00', '');
INSERT INTO `sys_menu` VALUES ('1003', '', '100', '4', '#', '', 'F', '0', 'system:user:remove', '#', 'admin', '2018-03-16 11:33:00', 'ry', '2018-03-16 11:33:00', '');
INSERT INTO `sys_menu` VALUES ('1004', '', '100', '5', '#', '', 'F', '0', 'system:user:export', '#', 'admin', '2018-03-16 11:33:00', 'ry', '2018-03-16 11:33:00', '');
INSERT INTO `sys_menu` VALUES ('1005', '', '100', '6', '#', '', 'F', '0', 'system:user:import', '#', 'admin', '2018-03-16 11:33:00', 'ry', '2018-03-16 11:33:00', '');
INSERT INTO `sys_menu` VALUES ('1006', '', '100', '7', '#', '', 'F', '0', 'system:user:resetPwd', '#', 'admin', '2018-03-16 11:33:00', 'ry', '2018-03-16 11:33:00', '');
INSERT INTO `sys_menu` VALUES ('1007', '', '101', '1', '#', '', 'F', '0', 'system:role:list', '#', 'admin', '2018-03-16 11:33:00', 'ry', '2018-03-16 11:33:00', '');
INSERT INTO `sys_menu` VALUES ('1008', '', '101', '2', '#', '', 'F', '0', 'system:role:add', '#', 'admin', '2018-03-16 11:33:00', 'ry', '2018-03-16 11:33:00', '');
INSERT INTO `sys_menu` VALUES ('1009', '', '101', '3', '#', '', 'F', '0', 'system:role:edit', '#', 'admin', '2018-03-16 11:33:00', 'ry', '2018-03-16 11:33:00', '');
INSERT INTO `sys_menu` VALUES ('1010', '', '101', '4', '#', '', 'F', '0', 'system:role:remove', '#', 'admin', '2018-03-16 11:33:00', 'ry', '2018-03-16 11:33:00', '');
INSERT INTO `sys_menu` VALUES ('1011', '', '101', '5', '#', '', 'F', '0', 'system:role:export', '#', 'admin', '2018-03-16 11:33:00', 'ry', '2018-03-16 11:33:00', '');
INSERT INTO `sys_menu` VALUES ('1012', '', '102', '1', '#', '', 'F', '0', 'system:menu:list', '#', 'admin', '2018-03-16 11:33:00', 'ry', '2018-03-16 11:33:00', '');
INSERT INTO `sys_menu` VALUES ('1013', '', '102', '2', '#', '', 'F', '0', 'system:menu:add', '#', 'admin', '2018-03-16 11:33:00', 'ry', '2018-03-16 11:33:00', '');
INSERT INTO `sys_menu` VALUES ('1014', '', '102', '3', '#', '', 'F', '0', 'system:menu:edit', '#', 'admin', '2018-03-16 11:33:00', 'ry', '2018-03-16 11:33:00', '');
INSERT INTO `sys_menu` VALUES ('1015', '', '102', '4', '#', '', 'F', '0', 'system:menu:remove', '#', 'admin', '2018-03-16 11:33:00', 'ry', '2018-03-16 11:33:00', '');
INSERT INTO `sys_menu` VALUES ('1016', '', '103', '1', '#', '', 'F', '0', 'system:dept:list', '#', 'admin', '2018-03-16 11:33:00', 'ry', '2018-03-16 11:33:00', '');
INSERT INTO `sys_menu` VALUES ('1017', '', '103', '2', '#', '', 'F', '0', 'system:dept:add', '#', 'admin', '2018-03-16 11:33:00', 'ry', '2018-03-16 11:33:00', '');
INSERT INTO `sys_menu` VALUES ('1018', '', '103', '3', '#', '', 'F', '0', 'system:dept:edit', '#', 'admin', '2018-03-16 11:33:00', 'ry', '2018-03-16 11:33:00', '');
INSERT INTO `sys_menu` VALUES ('1019', '', '103', '4', '#', '', 'F', '0', 'system:dept:remove', '#', 'admin', '2018-03-16 11:33:00', 'ry', '2018-03-16 11:33:00', '');
INSERT INTO `sys_menu` VALUES ('1020', '', '104', '1', '#', '', 'F', '0', 'system:post:list', '#', 'admin', '2018-03-16 11:33:00', 'ry', '2018-03-16 11:33:00', '');
INSERT INTO `sys_menu` VALUES ('1021', '', '104', '2', '#', '', 'F', '0', 'system:post:add', '#', 'admin', '2018-03-16 11:33:00', 'ry', '2018-03-16 11:33:00', '');
INSERT INTO `sys_menu` VALUES ('1022', '', '104', '3', '#', '', 'F', '0', 'system:post:edit', '#', 'admin', '2018-03-16 11:33:00', 'ry', '2018-03-16 11:33:00', '');
INSERT INTO `sys_menu` VALUES ('1023', '', '104', '4', '#', '', 'F', '0', 'system:post:remove', '#', 'admin', '2018-03-16 11:33:00', 'ry', '2018-03-16 11:33:00', '');
INSERT INTO `sys_menu` VALUES ('1024', '', '104', '5', '#', '', 'F', '0', 'system:post:export', '#', 'admin', '2018-03-16 11:33:00', 'ry', '2018-03-16 11:33:00', '');
INSERT INTO `sys_menu` VALUES ('1025', '', '105', '1', '#', '', 'F', '0', 'system:dict:list', '#', 'admin', '2018-03-16 11:33:00', 'ry', '2018-03-16 11:33:00', '');
INSERT INTO `sys_menu` VALUES ('1026', '', '105', '2', '#', '', 'F', '0', 'system:dict:add', '#', 'admin', '2018-03-16 11:33:00', 'ry', '2018-03-16 11:33:00', '');
INSERT INTO `sys_menu` VALUES ('1027', '', '105', '3', '#', '', 'F', '0', 'system:dict:edit', '#', 'admin', '2018-03-16 11:33:00', 'ry', '2018-03-16 11:33:00', '');
INSERT INTO `sys_menu` VALUES ('1028', '', '105', '4', '#', '', 'F', '0', 'system:dict:remove', '#', 'admin', '2018-03-16 11:33:00', 'ry', '2018-03-16 11:33:00', '');
INSERT INTO `sys_menu` VALUES ('1029', '', '105', '5', '#', '', 'F', '0', 'system:dict:export', '#', 'admin', '2018-03-16 11:33:00', 'ry', '2018-03-16 11:33:00', '');
INSERT INTO `sys_menu` VALUES ('1030', '', '106', '1', '#', '', 'F', '0', 'system:config:list', '#', 'admin', '2018-03-16 11:33:00', 'ry', '2018-03-16 11:33:00', '');
INSERT INTO `sys_menu` VALUES ('1031', '', '106', '2', '#', '', 'F', '0', 'system:config:add', '#', 'admin', '2018-03-16 11:33:00', 'ry', '2018-03-16 11:33:00', '');
INSERT INTO `sys_menu` VALUES ('1032', '', '106', '3', '#', '', 'F', '0', 'system:config:edit', '#', 'admin', '2018-03-16 11:33:00', 'ry', '2018-03-16 11:33:00', '');
INSERT INTO `sys_menu` VALUES ('1033', '', '106', '4', '#', '', 'F', '0', 'system:config:remove', '#', 'admin', '2018-03-16 11:33:00', 'ry', '2018-03-16 11:33:00', '');
INSERT INTO `sys_menu` VALUES ('1034', '', '106', '5', '#', '', 'F', '0', 'system:config:export', '#', 'admin', '2018-03-16 11:33:00', 'ry', '2018-03-16 11:33:00', '');
INSERT INTO `sys_menu` VALUES ('1035', '', '107', '1', '#', '', 'F', '0', 'system:notice:list', '#', 'admin', '2018-03-16 11:33:00', 'ry', '2018-03-16 11:33:00', '');
INSERT INTO `sys_menu` VALUES ('1036', '', '107', '2', '#', '', 'F', '0', 'system:notice:add', '#', 'admin', '2018-03-16 11:33:00', 'ry', '2018-03-16 11:33:00', '');
INSERT INTO `sys_menu` VALUES ('1037', '', '107', '3', '#', '', 'F', '0', 'system:notice:edit', '#', 'admin', '2018-03-16 11:33:00', 'ry', '2018-03-16 11:33:00', '');
INSERT INTO `sys_menu` VALUES ('1038', '', '107', '4', '#', '', 'F', '0', 'system:notice:remove', '#', 'admin', '2018-03-16 11:33:00', 'ry', '2018-03-16 11:33:00', '');
INSERT INTO `sys_menu` VALUES ('1039', '', '500', '1', '#', '', 'F', '0', 'monitor:operlog:list', '#', 'admin', '2018-03-16 11:33:00', 'ry', '2018-03-16 11:33:00', '');
INSERT INTO `sys_menu` VALUES ('1040', '', '500', '2', '#', '', 'F', '0', 'monitor:operlog:remove', '#', 'admin', '2018-03-16 11:33:00', 'ry', '2018-03-16 11:33:00', '');
INSERT INTO `sys_menu` VALUES ('1041', '', '500', '3', '#', '', 'F', '0', 'monitor:operlog:detail', '#', 'admin', '2018-03-16 11:33:00', 'ry', '2018-03-16 11:33:00', '');
INSERT INTO `sys_menu` VALUES ('1042', '', '500', '4', '#', '', 'F', '0', 'monitor:operlog:export', '#', 'admin', '2018-03-16 11:33:00', 'ry', '2018-03-16 11:33:00', '');
INSERT INTO `sys_menu` VALUES ('1043', '', '501', '1', '#', '', 'F', '0', 'monitor:logininfor:list', '#', 'admin', '2018-03-16 11:33:00', 'ry', '2018-03-16 11:33:00', '');
INSERT INTO `sys_menu` VALUES ('1044', '', '501', '2', '#', '', 'F', '0', 'monitor:logininfor:remove', '#', 'admin', '2018-03-16 11:33:00', 'ry', '2018-03-16 11:33:00', '');
INSERT INTO `sys_menu` VALUES ('1045', '', '501', '3', '#', '', 'F', '0', 'monitor:logininfor:export', '#', 'admin', '2018-03-16 11:33:00', 'ry', '2018-03-16 11:33:00', '');
INSERT INTO `sys_menu` VALUES ('1046', '', '501', '4', '#', '', 'F', '0', 'monitor:logininfor:unlock', '#', 'admin', '2018-03-16 11:33:00', 'ry', '2018-03-16 11:33:00', '');
INSERT INTO `sys_menu` VALUES ('1047', '', '109', '1', '#', '', 'F', '0', 'monitor:online:list', '#', 'admin', '2018-03-16 11:33:00', 'ry', '2018-03-16 11:33:00', '');
INSERT INTO `sys_menu` VALUES ('1048', '', '109', '2', '#', '', 'F', '0', 'monitor:online:batchForceLogout', '#', 'admin', '2018-03-16 11:33:00', 'ry', '2018-03-16 11:33:00', '');
INSERT INTO `sys_menu` VALUES ('1049', '', '109', '3', '#', '', 'F', '0', 'monitor:online:forceLogout', '#', 'admin', '2018-03-16 11:33:00', 'ry', '2018-03-16 11:33:00', '');
INSERT INTO `sys_menu` VALUES ('1050', '', '110', '1', '#', '', 'F', '0', 'monitor:job:list', '#', 'admin', '2018-03-16 11:33:00', 'ry', '2018-03-16 11:33:00', '');
INSERT INTO `sys_menu` VALUES ('1051', '', '110', '2', '#', '', 'F', '0', 'monitor:job:add', '#', 'admin', '2018-03-16 11:33:00', 'ry', '2018-03-16 11:33:00', '');
INSERT INTO `sys_menu` VALUES ('1052', '', '110', '3', '#', '', 'F', '0', 'monitor:job:edit', '#', 'admin', '2018-03-16 11:33:00', 'ry', '2018-03-16 11:33:00', '');
INSERT INTO `sys_menu` VALUES ('1053', '', '110', '4', '#', '', 'F', '0', 'monitor:job:remove', '#', 'admin', '2018-03-16 11:33:00', 'ry', '2018-03-16 11:33:00', '');
INSERT INTO `sys_menu` VALUES ('1054', '', '110', '5', '#', '', 'F', '0', 'monitor:job:changeStatus', '#', 'admin', '2018-03-16 11:33:00', 'ry', '2018-03-16 11:33:00', '');
INSERT INTO `sys_menu` VALUES ('1055', '', '110', '6', '#', '', 'F', '0', 'monitor:job:detail', '#', 'admin', '2018-03-16 11:33:00', 'ry', '2018-03-16 11:33:00', '');
INSERT INTO `sys_menu` VALUES ('1056', '', '110', '7', '#', '', 'F', '0', 'monitor:job:export', '#', 'admin', '2018-03-16 11:33:00', 'ry', '2018-03-16 11:33:00', '');
INSERT INTO `sys_menu` VALUES ('1057', '', '114', '1', '#', '', 'F', '0', 'tool:gen:list', '#', 'admin', '2018-03-16 11:33:00', 'ry', '2018-03-16 11:33:00', '');
INSERT INTO `sys_menu` VALUES ('1058', '', '114', '2', '#', '', 'F', '0', 'tool:gen:edit', '#', 'admin', '2018-03-16 11:33:00', 'ry', '2018-03-16 11:33:00', '');
INSERT INTO `sys_menu` VALUES ('1059', '', '114', '3', '#', '', 'F', '0', 'tool:gen:remove', '#', 'admin', '2018-03-16 11:33:00', 'ry', '2018-03-16 11:33:00', '');
INSERT INTO `sys_menu` VALUES ('1060', '', '114', '4', '#', '', 'F', '0', 'tool:gen:preview', '#', 'admin', '2018-03-16 11:33:00', 'ry', '2018-03-16 11:33:00', '');
INSERT INTO `sys_menu` VALUES ('1061', '', '114', '5', '#', '', 'F', '0', 'tool:gen:code', '#', 'admin', '2018-03-16 11:33:00', 'ry', '2018-03-16 11:33:00', '');
INSERT INTO `sys_menu` VALUES ('2000', '', '0', '5', '#', 'menuItem', 'M', '0', null, 'fa fa-gears', 'admin', '2020-07-11 20:27:35', '', null, '');
INSERT INTO `sys_menu` VALUES ('2001', '', '2000', '1', '/modeler/modelList', 'menuItem', 'C', '0', null, '#', 'admin', '2020-07-11 20:29:03', '', null, '');
INSERT INTO `sys_menu` VALUES ('2002', '', '2000', '2', '/definition', 'menuItem', 'C', '0', null, '#', 'admin', '2020-07-11 20:58:29', '', null, '');
INSERT INTO `sys_menu` VALUES ('2003', '', '0', '6', '#', 'menuItem', 'M', '0', null, 'fa fa-send', 'admin', '2020-07-11 22:06:38', '', null, '');
INSERT INTO `sys_menu` VALUES ('2004', '', '2003', '1', '/leave', 'menuItem', 'C', '0', null, '#', 'admin', '2020-07-11 22:07:06', '', null, '');
INSERT INTO `sys_menu` VALUES ('2005', '', '2003', '2', '/leave/leaveTodo', 'menuItem', 'C', '0', '', '#', 'admin', '2020-07-11 22:07:18', 'admin', '2020-07-11 22:19:37', '');
INSERT INTO `sys_menu` VALUES ('2006', '', '2003', '3', '/leave/leaveDone', 'menuItem', 'C', '0', '', '#', 'admin', '2020-07-11 22:07:30', 'admin', '2020-07-11 22:19:45', '');
INSERT INTO `sys_menu` VALUES ('2007', '', '0', '7', '#', 'menuItem', 'M', '0', null, 'fa fa-address-book', 'admin', '2020-07-11 22:53:32', '', null, '');
INSERT INTO `sys_menu` VALUES ('2008', '', '2007', '1', '/todoitem', 'menuItem', 'C', '0', '', '#', 'admin', '2020-07-11 22:54:55', 'admin', '2020-07-11 22:56:23', '');
INSERT INTO `sys_menu` VALUES ('2009', '', '2007', '2', '/todoitem/doneitemView', 'menuItem', 'C', '0', '', '#', 'admin', '2020-07-11 22:55:18', 'admin', '2020-07-11 22:56:33', '');

-- ----------------------------
-- Table structure for sys_notice
-- ----------------------------
DROP TABLE IF EXISTS `sys_notice`;
CREATE TABLE `sys_notice` (
  `notice_id` int(4) NOT NULL AUTO_INCREMENT COMMENT 'ID',
  `notice_title` varchar(50) NOT NULL COMMENT '',
  `notice_type` char(1) NOT NULL COMMENT '1 2',
  `notice_content` varchar(2000) DEFAULT NULL COMMENT '',
  `status` char(1) DEFAULT '0' COMMENT '0 1',
  `create_by` varchar(64) DEFAULT '' COMMENT '',
  `create_time` datetime DEFAULT NULL COMMENT '',
  `update_by` varchar(64) DEFAULT '' COMMENT '',
  `update_time` datetime DEFAULT NULL COMMENT '',
  `remark` varchar(255) DEFAULT NULL COMMENT '',
  PRIMARY KEY (`notice_id`)
) ENGINE=InnoDB AUTO_INCREMENT=10 DEFAULT CHARSET=utf8 COMMENT='';

-- ----------------------------
-- Records of sys_notice
-- ----------------------------
INSERT INTO `sys_notice` VALUES ('1', '2018-07-01 ', '2', '', '0', 'admin', '2018-03-16 11:33:00', 'ry', '2018-03-16 11:33:00', '');
INSERT INTO `sys_notice` VALUES ('2', '2018-07-01 ', '1', '', '0', 'admin', '2018-03-16 11:33:00', 'ry', '2018-03-16 11:33:00', '');

-- ----------------------------
-- Table structure for sys_oper_log
-- ----------------------------
DROP TABLE IF EXISTS `sys_oper_log`;
CREATE TABLE `sys_oper_log` (
  `oper_id` bigint(20) NOT NULL AUTO_INCREMENT COMMENT '',
  `title` varchar(50) DEFAULT '' COMMENT '',
  `business_type` int(2) DEFAULT '0' COMMENT '0 1 2 3',
  `method` varchar(100) DEFAULT '' COMMENT '',
  `request_method` varchar(10) DEFAULT '' COMMENT '',
  `operator_type` int(1) DEFAULT '0' COMMENT '0 1 2',
  `oper_name` varchar(50) DEFAULT '' COMMENT '',
  `dept_name` varchar(50) DEFAULT '' COMMENT '',
  `oper_url` varchar(255) DEFAULT '' COMMENT 'URL',
  `oper_ip` varchar(50) DEFAULT '' COMMENT '',
  `oper_location` varchar(255) DEFAULT '' COMMENT '',
  `oper_param` varchar(2000) DEFAULT '' COMMENT '',
  `json_result` varchar(2000) DEFAULT '' COMMENT '',
  `status` int(1) DEFAULT '0' COMMENT '0 1',
  `error_msg` varchar(2000) DEFAULT '' COMMENT '',
  `oper_time` datetime DEFAULT NULL COMMENT '',
  PRIMARY KEY (`oper_id`)
) ENGINE=InnoDB AUTO_INCREMENT=150 DEFAULT CHARSET=utf8 COMMENT='';

-- ----------------------------
-- Records of sys_oper_log
-- ----------------------------
INSERT INTO `sys_oper_log` VALUES ('100', '', '1', 'com.ruoyi.web.controller.system.SysMenuController.addSave()', 'POST', '1', 'admin', '', '/system/menu/add', '127.0.0.1', 'IP', '{\r\n  \"parentId\" : [ \"0\" ],\r\n  \"menuType\" : [ \"M\" ],\r\n  \"menuName\" : [ \"\" ],\r\n  \"url\" : [ \"\" ],\r\n  \"target\" : [ \"menuItem\" ],\r\n  \"perms\" : [ \"\" ],\r\n  \"orderNum\" : [ \"5\" ],\r\n  \"icon\" : [ \"fa fa-gears\" ],\r\n  \"visible\" : [ \"0\" ]\r\n}', '{\r\n  \"msg\" : \"\",\r\n  \"code\" : 0\r\n}', '0', null, '2020-07-11 20:27:35');
INSERT INTO `sys_oper_log` VALUES ('101', '', '1', 'com.ruoyi.web.controller.system.SysMenuController.addSave()', 'POST', '1', 'admin', '', '/system/menu/add', '127.0.0.1', 'IP', '{\r\n  \"parentId\" : [ \"2000\" ],\r\n  \"menuType\" : [ \"C\" ],\r\n  \"menuName\" : [ \"\" ],\r\n  \"url\" : [ \"/modeler/modelList\" ],\r\n  \"target\" : [ \"menuItem\" ],\r\n  \"perms\" : [ \"\" ],\r\n  \"orderNum\" : [ \"1\" ],\r\n  \"icon\" : [ \"\" ],\r\n  \"visible\" : [ \"0\" ]\r\n}', '{\r\n  \"msg\" : \"\",\r\n  \"code\" : 0\r\n}', '0', null, '2020-07-11 20:29:03');
INSERT INTO `sys_oper_log` VALUES ('102', '', '1', 'com.ruoyi.web.controller.system.SysMenuController.addSave()', 'POST', '1', 'admin', '', '/system/menu/add', '127.0.0.1', 'IP', '{\r\n  \"parentId\" : [ \"2000\" ],\r\n  \"menuType\" : [ \"C\" ],\r\n  \"menuName\" : [ \"\" ],\r\n  \"url\" : [ \"/definition\" ],\r\n  \"target\" : [ \"menuItem\" ],\r\n  \"perms\" : [ \"\" ],\r\n  \"orderNum\" : [ \"2\" ],\r\n  \"icon\" : [ \"\" ],\r\n  \"visible\" : [ \"0\" ]\r\n}', '{\r\n  \"msg\" : \"\",\r\n  \"code\" : 0\r\n}', '0', null, '2020-07-11 20:58:29');
INSERT INTO `sys_oper_log` VALUES ('103', '', '1', 'com.ruoyi.activiti.controller.ProcessDefinitionController.upload()', 'POST', '1', 'admin', '', '/definition/upload', '127.0.0.1', 'IP', '{ }', '{\r\n  \"msg\" : \"filename : [leave.bpmn], extension : [bpmn], allowed extension : [[bmp, gif, jpg, jpeg, png, doc, docx, xls, xlsx, ppt, pptx, html, htm, txt, rar, zip, gz, bz2, pdf]]\",\r\n  \"code\" : 500\r\n}', '0', null, '2020-07-11 21:02:06');
INSERT INTO `sys_oper_log` VALUES ('104', '', '1', 'com.ruoyi.activiti.controller.ProcessDefinitionController.upload()', 'POST', '1', 'admin', '', '/definition/upload', '127.0.0.1', 'IP', '{ }', '{\r\n  \"msg\" : \"\",\r\n  \"code\" : 0\r\n}', '0', null, '2020-07-11 21:03:01');
INSERT INTO `sys_oper_log` VALUES ('105', '', '3', 'com.ruoyi.activiti.controller.ProcessDefinitionController.remove()', 'POST', '1', 'admin', '', '/definition/remove', '127.0.0.1', 'IP', '{\r\n  \"ids\" : [ \"2501\" ]\r\n}', '{\r\n  \"msg\" : \"\",\r\n  \"code\" : 0\r\n}', '0', null, '2020-07-11 21:04:32');
INSERT INTO `sys_oper_log` VALUES ('106', '', '1', 'com.ruoyi.activiti.controller.ProcessDefinitionController.upload()', 'POST', '1', 'admin', '', '/definition/upload', '127.0.0.1', 'IP', '{ }', '{\r\n  \"msg\" : \"\",\r\n  \"code\" : 0\r\n}', '0', null, '2020-07-11 21:07:40');
INSERT INTO `sys_oper_log` VALUES ('107', '', '3', 'com.ruoyi.activiti.modeler.ModelerController.remove()', 'POST', '1', 'admin', '', '/modeler/remove', '127.0.0.1', 'IP', '{\r\n  \"ids\" : [ \"1\" ]\r\n}', '{\r\n  \"msg\" : \"\",\r\n  \"code\" : 0\r\n}', '0', null, '2020-07-11 21:14:52');
INSERT INTO `sys_oper_log` VALUES ('108', '', '3', 'com.ruoyi.activiti.controller.ProcessDefinitionController.remove()', 'POST', '1', 'admin', '', '/definition/remove', '127.0.0.1', 'IP', '{\r\n  \"ids\" : [ \"5001\" ]\r\n}', '{\r\n  \"msg\" : \"\",\r\n  \"code\" : 0\r\n}', '0', null, '2020-07-11 21:14:57');
INSERT INTO `sys_oper_log` VALUES ('109', '', '1', 'com.ruoyi.web.controller.system.SysRoleController.addSave()', 'POST', '1', 'admin', '', '/system/role/add', '127.0.0.1', 'IP', '{\r\n  \"roleName\" : [ \"\" ],\r\n  \"roleKey\" : [ \"processRole\" ],\r\n  \"roleSort\" : [ \"3\" ],\r\n  \"status\" : [ \"0\" ],\r\n  \"remark\" : [ \"\" ],\r\n  \"menuIds\" : [ \"\" ]\r\n}', '{\r\n  \"msg\" : \"\",\r\n  \"code\" : 0\r\n}', '0', null, '2020-07-11 22:05:00');
INSERT INTO `sys_oper_log` VALUES ('110', '', '1', 'com.ruoyi.web.controller.system.SysMenuController.addSave()', 'POST', '1', 'admin', '', '/system/menu/add', '127.0.0.1', 'IP', '{\r\n  \"parentId\" : [ \"0\" ],\r\n  \"menuType\" : [ \"M\" ],\r\n  \"menuName\" : [ \"\" ],\r\n  \"url\" : [ \"\" ],\r\n  \"target\" : [ \"menuItem\" ],\r\n  \"perms\" : [ \"\" ],\r\n  \"orderNum\" : [ \"6\" ],\r\n  \"icon\" : [ \"fa fa-send\" ],\r\n  \"visible\" : [ \"0\" ]\r\n}', '{\r\n  \"msg\" : \"\",\r\n  \"code\" : 0\r\n}', '0', null, '2020-07-11 22:06:38');
INSERT INTO `sys_oper_log` VALUES ('111', '', '1', 'com.ruoyi.web.controller.system.SysMenuController.addSave()', 'POST', '1', 'admin', '', '/system/menu/add', '127.0.0.1', 'IP', '{\r\n  \"parentId\" : [ \"2003\" ],\r\n  \"menuType\" : [ \"C\" ],\r\n  \"menuName\" : [ \"\" ],\r\n  \"url\" : [ \"/leave\" ],\r\n  \"target\" : [ \"menuItem\" ],\r\n  \"perms\" : [ \"\" ],\r\n  \"orderNum\" : [ \"1\" ],\r\n  \"icon\" : [ \"\" ],\r\n  \"visible\" : [ \"0\" ]\r\n}', '{\r\n  \"msg\" : \"\",\r\n  \"code\" : 0\r\n}', '0', null, '2020-07-11 22:07:06');
INSERT INTO `sys_oper_log` VALUES ('112', '', '1', 'com.ruoyi.web.controller.system.SysMenuController.addSave()', 'POST', '1', 'admin', '', '/system/menu/add', '127.0.0.1', 'IP', '{\r\n  \"parentId\" : [ \"2003\" ],\r\n  \"menuType\" : [ \"C\" ],\r\n  \"menuName\" : [ \"\" ],\r\n  \"url\" : [ \"/leaveTodo\" ],\r\n  \"target\" : [ \"menuItem\" ],\r\n  \"perms\" : [ \"\" ],\r\n  \"orderNum\" : [ \"2\" ],\r\n  \"icon\" : [ \"\" ],\r\n  \"visible\" : [ \"0\" ]\r\n}', '{\r\n  \"msg\" : \"\",\r\n  \"code\" : 0\r\n}', '0', null, '2020-07-11 22:07:18');
INSERT INTO `sys_oper_log` VALUES ('113', '', '1', 'com.ruoyi.web.controller.system.SysMenuController.addSave()', 'POST', '1', 'admin', '', '/system/menu/add', '127.0.0.1', 'IP', '{\r\n  \"parentId\" : [ \"2003\" ],\r\n  \"menuType\" : [ \"C\" ],\r\n  \"menuName\" : [ \"\" ],\r\n  \"url\" : [ \"/leaveDone\" ],\r\n  \"target\" : [ \"menuItem\" ],\r\n  \"perms\" : [ \"\" ],\r\n  \"orderNum\" : [ \"3\" ],\r\n  \"icon\" : [ \"\" ],\r\n  \"visible\" : [ \"0\" ]\r\n}', '{\r\n  \"msg\" : \"\",\r\n  \"code\" : 0\r\n}', '0', null, '2020-07-11 22:07:30');
INSERT INTO `sys_oper_log` VALUES ('114', '', '2', 'com.ruoyi.web.controller.system.SysRoleController.editSave()', 'POST', '1', 'admin', '', '/system/role/edit', '127.0.0.1', 'IP', '{\r\n  \"roleId\" : [ \"100\" ],\r\n  \"roleName\" : [ \"\" ],\r\n  \"roleKey\" : [ \"processRole\" ],\r\n  \"roleSort\" : [ \"3\" ],\r\n  \"status\" : [ \"0\" ],\r\n  \"remark\" : [ \"\" ],\r\n  \"menuIds\" : [ \"2003,2004,2005,2006\" ]\r\n}', '{\r\n  \"msg\" : \"\",\r\n  \"code\" : 0\r\n}', '0', null, '2020-07-11 22:07:44');
INSERT INTO `sys_oper_log` VALUES ('115', '', '1', 'com.ruoyi.web.controller.system.SysRoleController.addSave()', 'POST', '1', 'admin', '', '/system/role/add', '127.0.0.1', 'IP', '{\r\n  \"roleName\" : [ \"\" ],\r\n  \"roleKey\" : [ \"deptLeader\" ],\r\n  \"roleSort\" : [ \"4\" ],\r\n  \"status\" : [ \"0\" ],\r\n  \"remark\" : [ \"\" ],\r\n  \"menuIds\" : [ \"\" ]\r\n}', '{\r\n  \"msg\" : \"\",\r\n  \"code\" : 0\r\n}', '0', null, '2020-07-11 22:08:01');
INSERT INTO `sys_oper_log` VALUES ('116', '', '1', 'com.ruoyi.web.controller.system.SysRoleController.addSave()', 'POST', '1', 'admin', '', '/system/role/add', '127.0.0.1', 'IP', '{\r\n  \"roleName\" : [ \"\" ],\r\n  \"roleKey\" : [ \"hr\" ],\r\n  \"roleSort\" : [ \"5\" ],\r\n  \"status\" : [ \"0\" ],\r\n  \"remark\" : [ \"\" ],\r\n  \"menuIds\" : [ \"\" ]\r\n}', '{\r\n  \"msg\" : \"\",\r\n  \"code\" : 0\r\n}', '0', null, '2020-07-11 22:08:13');
INSERT INTO `sys_oper_log` VALUES ('117', '', '1', 'com.ruoyi.web.controller.system.SysUserController.addSave()', 'POST', '1', 'admin', '', '/system/user/add', '127.0.0.1', 'IP', '{\r\n  \"deptId\" : [ \"105\" ],\r\n  \"userName\" : [ \"\" ],\r\n  \"deptName\" : [ \"\" ],\r\n  \"phonenumber\" : [ \"13111111111\" ],\r\n  \"email\" : [ \"13111111111@qq.com\" ],\r\n  \"loginName\" : [ \"chengxy\" ],\r\n  \"password\" : [ \"123456\" ],\r\n  \"sex\" : [ \"0\" ],\r\n  \"role\" : [ \"100\" ],\r\n  \"remark\" : [ \"\" ],\r\n  \"status\" : [ \"0\" ],\r\n  \"roleIds\" : [ \"100\" ],\r\n  \"postIds\" : [ \"\" ]\r\n}', '{\r\n  \"msg\" : \"\",\r\n  \"code\" : 0\r\n}', '0', null, '2020-07-11 22:09:08');
INSERT INTO `sys_oper_log` VALUES ('118', '', '1', 'com.ruoyi.web.controller.system.SysUserController.addSave()', 'POST', '1', 'admin', '', '/system/user/add', '127.0.0.1', 'IP', '{\r\n  \"deptId\" : [ \"105\" ],\r\n  \"userName\" : [ \"\" ],\r\n  \"deptName\" : [ \"\" ],\r\n  \"phonenumber\" : [ \"13111111112\" ],\r\n  \"email\" : [ \"13111111112@qq.com\" ],\r\n  \"loginName\" : [ \"axianlu\" ],\r\n  \"password\" : [ \"123456\" ],\r\n  \"sex\" : [ \"0\" ],\r\n  \"role\" : [ \"100\", \"101\" ],\r\n  \"remark\" : [ \"\" ],\r\n  \"status\" : [ \"0\" ],\r\n  \"roleIds\" : [ \"100,101\" ],\r\n  \"postIds\" : [ \"\" ]\r\n}', '{\r\n  \"msg\" : \"\",\r\n  \"code\" : 0\r\n}', '0', null, '2020-07-11 22:09:36');
INSERT INTO `sys_oper_log` VALUES ('119', '', '1', 'com.ruoyi.web.controller.system.SysUserController.addSave()', 'POST', '1', 'admin', '', '/system/user/add', '127.0.0.1', 'IP', '{\r\n  \"deptId\" : [ \"105\" ],\r\n  \"userName\" : [ \"\" ],\r\n  \"deptName\" : [ \"\" ],\r\n  \"phonenumber\" : [ \"13111111113\" ],\r\n  \"email\" : [ \"13111111113@qq.com\" ],\r\n  \"loginName\" : [ \"rensm\" ],\r\n  \"password\" : [ \"123456\" ],\r\n  \"sex\" : [ \"1\" ],\r\n  \"role\" : [ \"100\", \"102\" ],\r\n  \"remark\" : [ \"\" ],\r\n  \"status\" : [ \"0\" ],\r\n  \"roleIds\" : [ \"100,102\" ],\r\n  \"postIds\" : [ \"\" ]\r\n}', '{\r\n  \"msg\" : \"\",\r\n  \"code\" : 0\r\n}', '0', null, '2020-07-11 22:10:04');
INSERT INTO `sys_oper_log` VALUES ('120', '', '2', 'com.ruoyi.web.controller.system.SysMenuController.editSave()', 'POST', '1', 'admin', '', '/system/menu/edit', '127.0.0.1', 'IP', '{\r\n  \"menuId\" : [ \"2005\" ],\r\n  \"parentId\" : [ \"2003\" ],\r\n  \"menuType\" : [ \"C\" ],\r\n  \"menuName\" : [ \"\" ],\r\n  \"url\" : [ \"/leave/leaveTodo\" ],\r\n  \"target\" : [ \"menuItem\" ],\r\n  \"perms\" : [ \"\" ],\r\n  \"orderNum\" : [ \"2\" ],\r\n  \"icon\" : [ \"#\" ],\r\n  \"visible\" : [ \"0\" ]\r\n}', '{\r\n  \"msg\" : \"\",\r\n  \"code\" : 0\r\n}', '0', null, '2020-07-11 22:19:37');
INSERT INTO `sys_oper_log` VALUES ('121', '', '2', 'com.ruoyi.web.controller.system.SysMenuController.editSave()', 'POST', '1', 'admin', '', '/system/menu/edit', '127.0.0.1', 'IP', '{\r\n  \"menuId\" : [ \"2006\" ],\r\n  \"parentId\" : [ \"2003\" ],\r\n  \"menuType\" : [ \"C\" ],\r\n  \"menuName\" : [ \"\" ],\r\n  \"url\" : [ \"/leave/leaveDone\" ],\r\n  \"target\" : [ \"menuItem\" ],\r\n  \"perms\" : [ \"\" ],\r\n  \"orderNum\" : [ \"3\" ],\r\n  \"icon\" : [ \"#\" ],\r\n  \"visible\" : [ \"0\" ]\r\n}', '{\r\n  \"msg\" : \"\",\r\n  \"code\" : 0\r\n}', '0', null, '2020-07-11 22:19:45');
INSERT INTO `sys_oper_log` VALUES ('122', '', '1', 'com.ruoyi.activiti.controller.BizLeaveController.addSave()', 'POST', '1', 'chengxy', '', '/leave/add', '127.0.0.1', 'IP', '{\r\n  \"title\" : [ \"\" ],\r\n  \"reason\" : [ \"\" ],\r\n  \"startTime\" : [ \"2020-07-11 22:30\" ],\r\n  \"endTime\" : [ \"2020-07-12 22:30\" ],\r\n  \"totalTime\" : [ \"86400\" ],\r\n  \"totalTimeText\" : [ \"1  0  0  0 \" ]\r\n}', '{\r\n  \"msg\" : \"\",\r\n  \"code\" : 0\r\n}', '0', null, '2020-07-11 22:20:59');
INSERT INTO `sys_oper_log` VALUES ('123', '', '2', 'com.ruoyi.activiti.controller.BizLeaveController.submitApply()', 'POST', '1', 'chengxy', '', '/leave/submitApply', '127.0.0.1', 'IP', '{\r\n  \"id\" : [ \"1\" ]\r\n}', '{\r\n  \"msg\" : \"\",\r\n  \"code\" : 0\r\n}', '0', null, '2020-07-11 22:21:08');
INSERT INTO `sys_oper_log` VALUES ('124', '', '1', 'com.ruoyi.activiti.controller.BizLeaveController.addSave()', 'POST', '1', 'chengxy', '', '/leave/add', '127.0.0.1', 'IP', '{\r\n  \"title\" : [ \"\" ],\r\n  \"reason\" : [ \"123\" ],\r\n  \"startTime\" : [ \"2020-07-11 22:55\" ],\r\n  \"endTime\" : [ \"2020-07-12 22:55\" ],\r\n  \"totalTime\" : [ \"86400\" ],\r\n  \"totalTimeText\" : [ \"1  0  0  0 \" ]\r\n}', '{\r\n  \"msg\" : \"\",\r\n  \"code\" : 0\r\n}', '0', null, '2020-07-11 22:32:04');
INSERT INTO `sys_oper_log` VALUES ('125', '', '2', 'com.ruoyi.activiti.controller.BizLeaveController.submitApply()', 'POST', '1', 'chengxy', '', '/leave/submitApply', '127.0.0.1', 'IP', '{\r\n  \"id\" : [ \"2\" ]\r\n}', '{\r\n  \"msg\" : \"\",\r\n  \"code\" : 0\r\n}', '0', null, '2020-07-11 22:32:08');
INSERT INTO `sys_oper_log` VALUES ('126', '', '1', 'com.ruoyi.web.controller.system.SysMenuController.addSave()', 'POST', '1', 'admin', '', '/system/menu/add', '127.0.0.1', 'IP', '{\r\n  \"parentId\" : [ \"0\" ],\r\n  \"menuType\" : [ \"M\" ],\r\n  \"menuName\" : [ \"\" ],\r\n  \"url\" : [ \"\" ],\r\n  \"target\" : [ \"menuItem\" ],\r\n  \"perms\" : [ \"\" ],\r\n  \"orderNum\" : [ \"7\" ],\r\n  \"icon\" : [ \"fa fa-address-book\" ],\r\n  \"visible\" : [ \"0\" ]\r\n}', '{\r\n  \"msg\" : \"\",\r\n  \"code\" : 0\r\n}', '0', null, '2020-07-11 22:53:32');
INSERT INTO `sys_oper_log` VALUES ('127', '', '1', 'com.ruoyi.web.controller.system.SysMenuController.addSave()', 'POST', '1', 'admin', '', '/system/menu/add', '127.0.0.1', 'IP', '{\r\n  \"parentId\" : [ \"2007\" ],\r\n  \"menuType\" : [ \"C\" ],\r\n  \"menuName\" : [ \"\" ],\r\n  \"url\" : [ \"/todoitem\" ],\r\n  \"target\" : [ \"menuItem\" ],\r\n  \"perms\" : [ \"\" ],\r\n  \"orderNum\" : [ \"1\" ],\r\n  \"icon\" : [ \"\" ],\r\n  \"visible\" : [ \"0\" ]\r\n}', '{\r\n  \"msg\" : \"\",\r\n  \"code\" : 0\r\n}', '0', null, '2020-07-11 22:54:55');
INSERT INTO `sys_oper_log` VALUES ('128', '', '1', 'com.ruoyi.web.controller.system.SysMenuController.addSave()', 'POST', '1', 'admin', '', '/system/menu/add', '127.0.0.1', 'IP', '{\r\n  \"parentId\" : [ \"2007\" ],\r\n  \"menuType\" : [ \"C\" ],\r\n  \"menuName\" : [ \"\" ],\r\n  \"url\" : [ \"/todoitem/doneitemView\" ],\r\n  \"target\" : [ \"menuItem\" ],\r\n  \"perms\" : [ \"\" ],\r\n  \"orderNum\" : [ \"2\" ],\r\n  \"icon\" : [ \"\" ],\r\n  \"visible\" : [ \"0\" ]\r\n}', '{\r\n  \"msg\" : \"\",\r\n  \"code\" : 0\r\n}', '0', null, '2020-07-11 22:55:18');
INSERT INTO `sys_oper_log` VALUES ('129', '', '2', 'com.ruoyi.web.controller.system.SysRoleController.editSave()', 'POST', '1', 'admin', '', '/system/role/edit', '127.0.0.1', 'IP', '{\r\n  \"roleId\" : [ \"100\" ],\r\n  \"roleName\" : [ \"\" ],\r\n  \"roleKey\" : [ \"processRole\" ],\r\n  \"roleSort\" : [ \"3\" ],\r\n  \"status\" : [ \"0\" ],\r\n  \"remark\" : [ \"\" ],\r\n  \"menuIds\" : [ \"2003,2004,2005,2006,2007,2008,2009\" ]\r\n}', '{\r\n  \"msg\" : \"\",\r\n  \"code\" : 0\r\n}', '0', null, '2020-07-11 22:56:03');
INSERT INTO `sys_oper_log` VALUES ('130', '', '2', 'com.ruoyi.web.controller.system.SysMenuController.editSave()', 'POST', '1', 'admin', '', '/system/menu/edit', '127.0.0.1', 'IP', '{\r\n  \"menuId\" : [ \"2008\" ],\r\n  \"parentId\" : [ \"2007\" ],\r\n  \"menuType\" : [ \"C\" ],\r\n  \"menuName\" : [ \"\" ],\r\n  \"url\" : [ \"/todoitem\" ],\r\n  \"target\" : [ \"menuItem\" ],\r\n  \"perms\" : [ \"\" ],\r\n  \"orderNum\" : [ \"1\" ],\r\n  \"icon\" : [ \"#\" ],\r\n  \"visible\" : [ \"0\" ]\r\n}', '{\r\n  \"msg\" : \"\",\r\n  \"code\" : 0\r\n}', '0', null, '2020-07-11 22:56:23');
INSERT INTO `sys_oper_log` VALUES ('131', '', '2', 'com.ruoyi.web.controller.system.SysMenuController.editSave()', 'POST', '1', 'admin', '', '/system/menu/edit', '127.0.0.1', 'IP', '{\r\n  \"menuId\" : [ \"2009\" ],\r\n  \"parentId\" : [ \"2007\" ],\r\n  \"menuType\" : [ \"C\" ],\r\n  \"menuName\" : [ \"\" ],\r\n  \"url\" : [ \"/todoitem/doneitemView\" ],\r\n  \"target\" : [ \"menuItem\" ],\r\n  \"perms\" : [ \"\" ],\r\n  \"orderNum\" : [ \"2\" ],\r\n  \"icon\" : [ \"#\" ],\r\n  \"visible\" : [ \"0\" ]\r\n}', '{\r\n  \"msg\" : \"\",\r\n  \"code\" : 0\r\n}', '0', null, '2020-07-11 22:56:33');
INSERT INTO `sys_oper_log` VALUES ('132', '', '1', 'com.ruoyi.activiti.controller.BizLeaveController.addSave()', 'POST', '1', 'chengxy', '', '/leave/add', '127.0.0.1', 'IP', '{\r\n  \"title\" : [ \"\" ],\r\n  \"reason\" : [ \"\" ],\r\n  \"startTime\" : [ \"2020-07-11 23:55\" ],\r\n  \"endTime\" : [ \"2020-07-12 23:55\" ],\r\n  \"totalTime\" : [ \"86400\" ],\r\n  \"totalTimeText\" : [ \"1  0  0  0 \" ]\r\n}', '{\r\n  \"msg\" : \"\",\r\n  \"code\" : 0\r\n}', '0', null, '2020-07-11 23:06:36');
INSERT INTO `sys_oper_log` VALUES ('133', '', '2', 'com.ruoyi.activiti.controller.BizLeaveController.submitApply()', 'POST', '1', 'chengxy', '', '/leave/submitApply', '127.0.0.1', 'IP', '{\r\n  \"id\" : [ \"3\" ]\r\n}', '{\r\n  \"msg\" : \"\",\r\n  \"code\" : 0\r\n}', '0', null, '2020-07-11 23:06:41');
INSERT INTO `sys_oper_log` VALUES ('134', '', '1', 'com.ruoyi.activiti.controller.BizLeaveController.addSave()', 'POST', '1', 'chengxy', '', '/leave/add', '127.0.0.1', 'IP', '{\r\n  \"title\" : [ \"\" ],\r\n  \"reason\" : [ \"\" ],\r\n  \"startTime\" : [ \"2020-07-11 23:55\" ],\r\n  \"endTime\" : [ \"2020-07-12 23:55\" ],\r\n  \"totalTime\" : [ \"86400\" ],\r\n  \"totalTimeText\" : [ \"1  0  0  0 \" ]\r\n}', '{\r\n  \"msg\" : \"\",\r\n  \"code\" : 0\r\n}', '0', null, '2020-07-11 23:08:52');
INSERT INTO `sys_oper_log` VALUES ('135', '', '2', 'com.ruoyi.activiti.controller.BizLeaveController.submitApply()', 'POST', '1', 'chengxy', '', '/leave/submitApply', '127.0.0.1', 'IP', '{\r\n  \"id\" : [ \"4\" ]\r\n}', '{\r\n  \"msg\" : \"\",\r\n  \"code\" : 0\r\n}', '0', null, '2020-07-11 23:08:54');
INSERT INTO `sys_oper_log` VALUES ('136', '', '1', 'com.ruoyi.web.controller.system.SysDictTypeController.addSave()', 'POST', '1', 'admin', '', '/system/dict/add', '127.0.0.1', 'IP', '{\r\n  \"dictName\" : [ \"\" ],\r\n  \"dictType\" : [ \"biz_leave_type\" ],\r\n  \"status\" : [ \"0\" ],\r\n  \"remark\" : [ \"\" ]\r\n}', '{\r\n  \"msg\" : \"\",\r\n  \"code\" : 0\r\n}', '0', null, '2020-07-11 23:12:49');
INSERT INTO `sys_oper_log` VALUES ('137', '', '1', 'com.ruoyi.web.controller.system.SysDictDataController.addSave()', 'POST', '1', 'admin', '', '/system/dict/data/add', '127.0.0.1', 'IP', '{\r\n  \"dictLabel\" : [ \"\" ],\r\n  \"dictValue\" : [ \"leave\" ],\r\n  \"dictType\" : [ \"biz_leave_type\" ],\r\n  \"cssClass\" : [ \"\" ],\r\n  \"dictSort\" : [ \"1\" ],\r\n  \"listClass\" : [ \"\" ],\r\n  \"isDefault\" : [ \"Y\" ],\r\n  \"status\" : [ \"0\" ],\r\n  \"remark\" : [ \"\" ]\r\n}', '{\r\n  \"msg\" : \"\",\r\n  \"code\" : 0\r\n}', '0', null, '2020-07-11 23:13:13');
INSERT INTO `sys_oper_log` VALUES ('138', '', '1', 'com.ruoyi.web.controller.system.SysDictDataController.addSave()', 'POST', '1', 'admin', '', '/system/dict/data/add', '127.0.0.1', 'IP', '{\r\n  \"dictLabel\" : [ \"\" ],\r\n  \"dictValue\" : [ \"leaveCountsign\" ],\r\n  \"dictType\" : [ \"biz_leave_type\" ],\r\n  \"cssClass\" : [ \"\" ],\r\n  \"dictSort\" : [ \"2\" ],\r\n  \"listClass\" : [ \"\" ],\r\n  \"isDefault\" : [ \"Y\" ],\r\n  \"status\" : [ \"0\" ],\r\n  \"remark\" : [ \"\" ]\r\n}', '{\r\n  \"msg\" : \"\",\r\n  \"code\" : 0\r\n}', '0', null, '2020-07-11 23:13:34');
INSERT INTO `sys_oper_log` VALUES ('139', '', '2', 'com.ruoyi.activiti.controller.BizLeaveController.submitApply()', 'POST', '1', 'chengxy', '', '/leave/submitApply', '127.0.0.1', 'IP', '{\r\n  \"id\" : [ \"5\" ]\r\n}', '{\r\n  \"msg\" : \"\",\r\n  \"code\" : 0\r\n}', '0', null, '2020-07-11 23:35:16');
INSERT INTO `sys_oper_log` VALUES ('140', '', '2', 'com.ruoyi.activiti.controller.BizLeaveController.submitApply()', 'POST', '1', 'chengxy', '', '/leave/submitApply', '127.0.0.1', 'IP', '{\r\n  \"id\" : [ \"6\" ]\r\n}', '{\r\n  \"msg\" : \"\",\r\n  \"code\" : 0\r\n}', '0', null, '2020-07-11 23:35:18');
INSERT INTO `sys_oper_log` VALUES ('141', '', '2', 'com.ruoyi.activiti.controller.BizLeaveController.submitApply()', 'POST', '1', 'chengxy', '', '/leave/submitApply', '127.0.0.1', 'IP', '{\r\n  \"id\" : [ \"7\" ]\r\n}', '{\r\n  \"msg\" : \"\",\r\n  \"code\" : 0\r\n}', '0', null, '2020-07-11 23:35:20');
INSERT INTO `sys_oper_log` VALUES ('142', '', '2', 'com.ruoyi.activiti.controller.BizLeaveController.submitApply()', 'POST', '1', 'chengxy', '', '/leave/submitApply', '127.0.0.1', 'IP', '{\r\n  \"id\" : [ \"8\" ]\r\n}', '{\r\n  \"msg\" : \"\",\r\n  \"code\" : 0\r\n}', '0', null, '2020-07-11 23:35:22');
INSERT INTO `sys_oper_log` VALUES ('143', '', '2', 'com.ruoyi.activiti.controller.BizLeaveController.submitApply()', 'POST', '1', 'chengxy', '', '/leave/submitApply', '127.0.0.1', 'IP', '{\r\n  \"id\" : [ \"9\" ]\r\n}', '{\r\n  \"msg\" : \"\",\r\n  \"code\" : 0\r\n}', '0', null, '2020-07-11 23:35:24');
INSERT INTO `sys_oper_log` VALUES ('144', '', '2', 'com.ruoyi.activiti.controller.BizLeaveController.submitApply()', 'POST', '1', 'chengxy', '', '/leave/submitApply', '127.0.0.1', 'IP', '{\r\n  \"id\" : [ \"10\" ]\r\n}', '{\r\n  \"msg\" : \"\",\r\n  \"code\" : 0\r\n}', '0', null, '2020-07-11 23:35:26');
INSERT INTO `sys_oper_log` VALUES ('145', '', '2', 'com.ruoyi.activiti.controller.BizLeaveController.submitApply()', 'POST', '1', 'chengxy', '', '/leave/submitApply', '127.0.0.1', 'IP', '{\r\n  \"id\" : [ \"11\" ]\r\n}', '{\r\n  \"msg\" : \"\",\r\n  \"code\" : 0\r\n}', '0', null, '2020-07-11 23:35:28');
INSERT INTO `sys_oper_log` VALUES ('146', '', '2', 'com.ruoyi.activiti.controller.BizLeaveController.submitApply()', 'POST', '1', 'chengxy', '', '/leave/submitApply', '127.0.0.1', 'IP', '{\r\n  \"id\" : [ \"12\" ]\r\n}', '{\r\n  \"msg\" : \"\",\r\n  \"code\" : 0\r\n}', '0', null, '2020-07-11 23:35:32');
INSERT INTO `sys_oper_log` VALUES ('147', '', '2', 'com.ruoyi.activiti.controller.BizLeaveController.submitApply()', 'POST', '1', 'chengxy', '', '/leave/submitApply', '127.0.0.1', 'IP', '{\r\n  \"id\" : [ \"13\" ]\r\n}', '{\r\n  \"msg\" : \"\",\r\n  \"code\" : 0\r\n}', '0', null, '2020-07-11 23:39:34');
INSERT INTO `sys_oper_log` VALUES ('148', '', '2', 'com.ruoyi.activiti.controller.BizLeaveController.submitApply()', 'POST', '1', 'chengxy', '', '/leave/submitApply', '127.0.0.1', 'IP', '{\r\n  \"id\" : [ \"14\" ]\r\n}', '{\r\n  \"msg\" : \"\",\r\n  \"code\" : 0\r\n}', '0', null, '2020-07-11 23:39:36');
INSERT INTO `sys_oper_log` VALUES ('149', '', '2', 'com.ruoyi.activiti.controller.BizLeaveController.submitApply()', 'POST', '1', 'chengxy', '', '/leave/submitApply', '127.0.0.1', 'IP', '{\r\n  \"id\" : [ \"15\" ]\r\n}', '{\r\n  \"msg\" : \"\",\r\n  \"code\" : 0\r\n}', '0', null, '2020-07-11 23:39:38');

-- ----------------------------
-- Table structure for sys_post
-- ----------------------------
DROP TABLE IF EXISTS `sys_post`;
CREATE TABLE `sys_post` (
  `post_id` bigint(20) NOT NULL AUTO_INCREMENT COMMENT 'ID',
  `post_code` varchar(64) NOT NULL COMMENT '',
  `post_name` varchar(50) NOT NULL COMMENT '',
  `post_sort` int(4) NOT NULL COMMENT '',
  `status` char(1) NOT NULL COMMENT '0 1',
  `create_by` varchar(64) DEFAULT '' COMMENT '',
  `create_time` datetime DEFAULT NULL COMMENT '',
  `update_by` varchar(64) DEFAULT '' COMMENT '',
  `update_time` datetime DEFAULT NULL COMMENT '',
  `remark` varchar(500) DEFAULT NULL COMMENT '',
  PRIMARY KEY (`post_id`)
) ENGINE=InnoDB AUTO_INCREMENT=5 DEFAULT CHARSET=utf8 COMMENT='';

-- ----------------------------
-- Records of sys_post
-- ----------------------------
INSERT INTO `sys_post` VALUES ('1', 'ceo', '', '1', '0', 'admin', '2018-03-16 11:33:00', 'ry', '2018-03-16 11:33:00', '');
INSERT INTO `sys_post` VALUES ('2', 'se', '', '2', '0', 'admin', '2018-03-16 11:33:00', 'ry', '2018-03-16 11:33:00', '');
INSERT INTO `sys_post` VALUES ('3', 'hr', '', '3', '0', 'admin', '2018-03-16 11:33:00', 'ry', '2018-03-16 11:33:00', '');
INSERT INTO `sys_post` VALUES ('4', 'user', '', '4', '0', 'admin', '2018-03-16 11:33:00', 'ry', '2018-03-16 11:33:00', '');

-- ----------------------------
-- Table structure for sys_role
-- ----------------------------
DROP TABLE IF EXISTS `sys_role`;
CREATE TABLE `sys_role` (
  `role_id` bigint(20) NOT NULL AUTO_INCREMENT COMMENT 'ID',
  `role_name` varchar(30) NOT NULL COMMENT '',
  `role_key` varchar(100) NOT NULL COMMENT '',
  `role_sort` int(4) NOT NULL COMMENT '',
  `data_scope` char(1) DEFAULT '1' COMMENT '1 2 3 4',
  `status` char(1) NOT NULL COMMENT '0 1',
  `del_flag` char(1) DEFAULT '0' COMMENT '0 2',
  `create_by` varchar(64) DEFAULT '' COMMENT '',
  `create_time` datetime DEFAULT NULL COMMENT '',
  `update_by` varchar(64) DEFAULT '' COMMENT '',
  `update_time` datetime DEFAULT NULL COMMENT '',
  `remark` varchar(500) DEFAULT NULL COMMENT '',
  PRIMARY KEY (`role_id`)
) ENGINE=InnoDB AUTO_INCREMENT=103 DEFAULT CHARSET=utf8 COMMENT='';

-- ----------------------------
-- Records of sys_role
-- ----------------------------
INSERT INTO `sys_role` VALUES ('1', '', 'admin', '1', '1', '0', '0', 'admin', '2018-03-16 11:33:00', 'ry', '2018-03-16 11:33:00', '');
INSERT INTO `sys_role` VALUES ('2', '', 'common', '2', '2', '0', '0', 'admin', '2018-03-16 11:33:00', 'ry', '2018-03-16 11:33:00', '');
INSERT INTO `sys_role` VALUES ('100', '', 'processRole', '3', '1', '0', '0', 'admin', '2020-07-11 22:05:00', 'admin', '2020-07-11 22:56:03', '');
INSERT INTO `sys_role` VALUES ('101', '', 'deptLeader', '4', '1', '0', '0', 'admin', '2020-07-11 22:08:01', '', null, null);
INSERT INTO `sys_role` VALUES ('102', '', 'hr', '5', '1', '0', '0', 'admin', '2020-07-11 22:08:13', '', null, null);

-- ----------------------------
-- Table structure for sys_role_dept
-- ----------------------------
DROP TABLE IF EXISTS `sys_role_dept`;
CREATE TABLE `sys_role_dept` (
  `role_id` bigint(20) NOT NULL COMMENT 'ID',
  `dept_id` bigint(20) NOT NULL COMMENT 'ID',
  PRIMARY KEY (`role_id`,`dept_id`)
) ENGINE=InnoDB DEFAULT CHARSET=utf8 COMMENT='';

-- ----------------------------
-- Records of sys_role_dept
-- ----------------------------
INSERT INTO `sys_role_dept` VALUES ('2', '100');
INSERT INTO `sys_role_dept` VALUES ('2', '101');
INSERT INTO `sys_role_dept` VALUES ('2', '105');

-- ----------------------------
-- Table structure for sys_role_menu
-- ----------------------------
DROP TABLE IF EXISTS `sys_role_menu`;
CREATE TABLE `sys_role_menu` (
  `role_id` bigint(20) NOT NULL COMMENT 'ID',
  `menu_id` bigint(20) NOT NULL COMMENT 'ID',
  PRIMARY KEY (`role_id`,`menu_id`)
) ENGINE=InnoDB DEFAULT CHARSET=utf8 COMMENT='';

-- ----------------------------
-- Records of sys_role_menu
-- ----------------------------
INSERT INTO `sys_role_menu` VALUES ('2', '1');
INSERT INTO `sys_role_menu` VALUES ('2', '2');
INSERT INTO `sys_role_menu` VALUES ('2', '3');
INSERT INTO `sys_role_menu` VALUES ('2', '4');
INSERT INTO `sys_role_menu` VALUES ('2', '100');
INSERT INTO `sys_role_menu` VALUES ('2', '101');
INSERT INTO `sys_role_menu` VALUES ('2', '102');
INSERT INTO `sys_role_menu` VALUES ('2', '103');
INSERT INTO `sys_role_menu` VALUES ('2', '104');
INSERT INTO `sys_role_menu` VALUES ('2', '105');
INSERT INTO `sys_role_menu` VALUES ('2', '106');
INSERT INTO `sys_role_menu` VALUES ('2', '107');
INSERT INTO `sys_role_menu` VALUES ('2', '108');
INSERT INTO `sys_role_menu` VALUES ('2', '109');
INSERT INTO `sys_role_menu` VALUES ('2', '110');
INSERT INTO `sys_role_menu` VALUES ('2', '111');
INSERT INTO `sys_role_menu` VALUES ('2', '112');
INSERT INTO `sys_role_menu` VALUES ('2', '113');
INSERT INTO `sys_role_menu` VALUES ('2', '114');
INSERT INTO `sys_role_menu` VALUES ('2', '115');
INSERT INTO `sys_role_menu` VALUES ('2', '500');
INSERT INTO `sys_role_menu` VALUES ('2', '501');
INSERT INTO `sys_role_menu` VALUES ('2', '1000');
INSERT INTO `sys_role_menu` VALUES ('2', '1001');
INSERT INTO `sys_role_menu` VALUES ('2', '1002');
INSERT INTO `sys_role_menu` VALUES ('2', '1003');
INSERT INTO `sys_role_menu` VALUES ('2', '1004');
INSERT INTO `sys_role_menu` VALUES ('2', '1005');
INSERT INTO `sys_role_menu` VALUES ('2', '1006');
INSERT INTO `sys_role_menu` VALUES ('2', '1007');
INSERT INTO `sys_role_menu` VALUES ('2', '1008');
INSERT INTO `sys_role_menu` VALUES ('2', '1009');
INSERT INTO `sys_role_menu` VALUES ('2', '1010');
INSERT INTO `sys_role_menu` VALUES ('2', '1011');
INSERT INTO `sys_role_menu` VALUES ('2', '1012');
INSERT INTO `sys_role_menu` VALUES ('2', '1013');
INSERT INTO `sys_role_menu` VALUES ('2', '1014');
INSERT INTO `sys_role_menu` VALUES ('2', '1015');
INSERT INTO `sys_role_menu` VALUES ('2', '1016');
INSERT INTO `sys_role_menu` VALUES ('2', '1017');
INSERT INTO `sys_role_menu` VALUES ('2', '1018');
INSERT INTO `sys_role_menu` VALUES ('2', '1019');
INSERT INTO `sys_role_menu` VALUES ('2', '1020');
INSERT INTO `sys_role_menu` VALUES ('2', '1021');
INSERT INTO `sys_role_menu` VALUES ('2', '1022');
INSERT INTO `sys_role_menu` VALUES ('2', '1023');
INSERT INTO `sys_role_menu` VALUES ('2', '1024');
INSERT INTO `sys_role_menu` VALUES ('2', '1025');
INSERT INTO `sys_role_menu` VALUES ('2', '1026');
INSERT INTO `sys_role_menu` VALUES ('2', '1027');
INSERT INTO `sys_role_menu` VALUES ('2', '1028');
INSERT INTO `sys_role_menu` VALUES ('2', '1029');
INSERT INTO `sys_role_menu` VALUES ('2', '1030');
INSERT INTO `sys_role_menu` VALUES ('2', '1031');
INSERT INTO `sys_role_menu` VALUES ('2', '1032');
INSERT INTO `sys_role_menu` VALUES ('2', '1033');
INSERT INTO `sys_role_menu` VALUES ('2', '1034');
INSERT INTO `sys_role_menu` VALUES ('2', '1035');
INSERT INTO `sys_role_menu` VALUES ('2', '1036');
INSERT INTO `sys_role_menu` VALUES ('2', '1037');
INSERT INTO `sys_role_menu` VALUES ('2', '1038');
INSERT INTO `sys_role_menu` VALUES ('2', '1039');
INSERT INTO `sys_role_menu` VALUES ('2', '1040');
INSERT INTO `sys_role_menu` VALUES ('2', '1041');
INSERT INTO `sys_role_menu` VALUES ('2', '1042');
INSERT INTO `sys_role_menu` VALUES ('2', '1043');
INSERT INTO `sys_role_menu` VALUES ('2', '1044');
INSERT INTO `sys_role_menu` VALUES ('2', '1045');
INSERT INTO `sys_role_menu` VALUES ('2', '1046');
INSERT INTO `sys_role_menu` VALUES ('2', '1047');
INSERT INTO `sys_role_menu` VALUES ('2', '1048');
INSERT INTO `sys_role_menu` VALUES ('2', '1049');
INSERT INTO `sys_role_menu` VALUES ('2', '1050');
INSERT INTO `sys_role_menu` VALUES ('2', '1051');
INSERT INTO `sys_role_menu` VALUES ('2', '1052');
INSERT INTO `sys_role_menu` VALUES ('2', '1053');
INSERT INTO `sys_role_menu` VALUES ('2', '1054');
INSERT INTO `sys_role_menu` VALUES ('2', '1055');
INSERT INTO `sys_role_menu` VALUES ('2', '1056');
INSERT INTO `sys_role_menu` VALUES ('2', '1057');
INSERT INTO `sys_role_menu` VALUES ('2', '1058');
INSERT INTO `sys_role_menu` VALUES ('2', '1059');
INSERT INTO `sys_role_menu` VALUES ('2', '1060');
INSERT INTO `sys_role_menu` VALUES ('2', '1061');
INSERT INTO `sys_role_menu` VALUES ('100', '2003');
INSERT INTO `sys_role_menu` VALUES ('100', '2004');
INSERT INTO `sys_role_menu` VALUES ('100', '2005');
INSERT INTO `sys_role_menu` VALUES ('100', '2006');
INSERT INTO `sys_role_menu` VALUES ('100', '2007');
INSERT INTO `sys_role_menu` VALUES ('100', '2008');
INSERT INTO `sys_role_menu` VALUES ('100', '2009');

-- ----------------------------
-- Table structure for sys_user
-- ----------------------------
DROP TABLE IF EXISTS `sys_user`;
CREATE TABLE `sys_user` (
  `user_id` bigint(20) NOT NULL AUTO_INCREMENT COMMENT 'ID',
  `dept_id` bigint(20) DEFAULT NULL COMMENT 'ID',
  `login_name` varchar(30) NOT NULL COMMENT '',
  `user_name` varchar(30) DEFAULT '' COMMENT '',
  `user_type` varchar(2) DEFAULT '00' COMMENT '00 01',
  `email` varchar(50) DEFAULT '' COMMENT '',
  `phonenumber` varchar(11) DEFAULT '' COMMENT '',
  `sex` char(1) DEFAULT '0' COMMENT '0 1 2',
  `avatar` varchar(100) DEFAULT '' COMMENT '',
  `password` varchar(50) DEFAULT '' COMMENT '',
  `salt` varchar(20) DEFAULT '' COMMENT '',
  `status` char(1) DEFAULT '0' COMMENT '0 1',
  `del_flag` char(1) DEFAULT '0' COMMENT '0 2',
  `login_ip` varchar(50) DEFAULT '' COMMENT 'IP',
  `login_date` datetime DEFAULT NULL COMMENT '',
  `create_by` varchar(64) DEFAULT '' COMMENT '',
  `create_time` datetime DEFAULT NULL COMMENT '',
  `update_by` varchar(64) DEFAULT '' COMMENT '',
  `update_time` datetime DEFAULT NULL COMMENT '',
  `remark` varchar(500) DEFAULT NULL COMMENT '',
  PRIMARY KEY (`user_id`)
) ENGINE=InnoDB AUTO_INCREMENT=103 DEFAULT CHARSET=utf8 COMMENT='';

-- ----------------------------
-- Records of sys_user
-- ----------------------------
INSERT INTO `sys_user` VALUES ('1', '103', 'admin', '', '00', 'ry@163.com', '15888888888', '1', '', '29c67a30398638269fe600f73a054934', '111111', '0', '0', '127.0.0.1', '2020-07-11 23:49:54', 'admin', '2018-03-16 11:33:00', 'ry', '2020-07-11 23:49:54', '');
INSERT INTO `sys_user` VALUES ('2', '105', 'ry', '', '00', 'ry@qq.com', '15666666666', '1', '', '8e6d98b90472783cc73c17047ddccf36', '222222', '0', '0', '127.0.0.1', '2018-03-16 11:33:00', 'admin', '2018-03-16 11:33:00', 'ry', '2018-03-16 11:33:00', '');
INSERT INTO `sys_user` VALUES ('100', '105', 'chengxy', '', '00', '13111111111@qq.com', '13111111111', '0', '', '69c4820e4a7d30629c9e2da89ee41418', 'e2ab4a', '0', '0', '127.0.0.1', '2020-07-11 23:39:24', 'admin', '2020-07-11 22:09:08', '', '2020-07-11 23:39:24', null);
INSERT INTO `sys_user` VALUES ('101', '105', 'axianlu', '', '00', '13111111112@qq.com', '13111111112', '0', '', '257017009a1ee31bf2f711af1c8f396b', 'd6f58d', '0', '0', '127.0.0.1', '2020-07-11 23:53:49', 'admin', '2020-07-11 22:09:36', '', '2020-07-11 23:53:49', null);
INSERT INTO `sys_user` VALUES ('102', '105', 'rensm', '', '00', '13111111113@qq.com', '13111111113', '1', '', 'a9779fc86a7b07ee9863eee366c984e9', '40a720', '0', '0', '127.0.0.1', '2020-07-11 23:15:17', 'admin', '2020-07-11 22:10:04', '', '2020-07-11 23:15:17', null);

-- ----------------------------
-- Table structure for sys_user_online
-- ----------------------------
DROP TABLE IF EXISTS `sys_user_online`;
CREATE TABLE `sys_user_online` (
  `sessionId` varchar(50) NOT NULL DEFAULT '' COMMENT 'id',
  `login_name` varchar(50) DEFAULT '' COMMENT '',
  `dept_name` varchar(50) DEFAULT '' COMMENT '',
  `ipaddr` varchar(50) DEFAULT '' COMMENT 'IP',
  `login_location` varchar(255) DEFAULT '' COMMENT '',
  `browser` varchar(50) DEFAULT '' COMMENT '',
  `os` varchar(50) DEFAULT '' COMMENT '',
  `status` varchar(10) DEFAULT '' COMMENT 'on_lineoff_line',
  `start_timestamp` datetime DEFAULT NULL COMMENT 'session',
  `last_access_time` datetime DEFAULT NULL COMMENT 'session',
  `expire_time` int(5) DEFAULT '0' COMMENT '',
  PRIMARY KEY (`sessionId`)
) ENGINE=InnoDB DEFAULT CHARSET=utf8 COMMENT='';

-- ----------------------------
-- Records of sys_user_online
-- ----------------------------
INSERT INTO `sys_user_online` VALUES ('39998ca9-2d7f-4d68-ac54-aa0dc8f58d1c', 'axianlu', '', '127.0.0.1', 'IP', 'Chrome 8', 'Windows 10', 'on_line', '2020-07-11 23:53:37', '2020-07-11 23:54:56', '1800000');
INSERT INTO `sys_user_online` VALUES ('565f3c83-ebc8-4846-be28-0d8e3544c353', 'axianlu', '', '127.0.0.1', 'IP', 'Chrome 8', 'Windows 10', 'on_line', '2020-07-11 23:39:42', '2020-07-11 23:40:55', '1800000');

-- ----------------------------
-- Table structure for sys_user_post
-- ----------------------------
DROP TABLE IF EXISTS `sys_user_post`;
CREATE TABLE `sys_user_post` (
  `user_id` bigint(20) NOT NULL COMMENT 'ID',
  `post_id` bigint(20) NOT NULL COMMENT 'ID',
  PRIMARY KEY (`user_id`,`post_id`)
) ENGINE=InnoDB DEFAULT CHARSET=utf8 COMMENT='';

-- ----------------------------
-- Records of sys_user_post
-- ----------------------------
INSERT INTO `sys_user_post` VALUES ('1', '1');
INSERT INTO `sys_user_post` VALUES ('2', '2');

-- ----------------------------
-- Table structure for sys_user_role
-- ----------------------------
DROP TABLE IF EXISTS `sys_user_role`;
CREATE TABLE `sys_user_role` (
  `user_id` bigint(20) NOT NULL COMMENT 'ID',
  `role_id` bigint(20) NOT NULL COMMENT 'ID',
  PRIMARY KEY (`user_id`,`role_id`)
) ENGINE=InnoDB DEFAULT CHARSET=utf8 COMMENT='';

-- ----------------------------
-- Records of sys_user_role
-- ----------------------------
INSERT INTO `sys_user_role` VALUES ('1', '1');
INSERT INTO `sys_user_role` VALUES ('2', '2');
INSERT INTO `sys_user_role` VALUES ('100', '100');
INSERT INTO `sys_user_role` VALUES ('101', '100');
INSERT INTO `sys_user_role` VALUES ('101', '101');
INSERT INTO `sys_user_role` VALUES ('102', '100');
INSERT INTO `sys_user_role` VALUES ('102', '102');

-- ----------------------------
-- View structure for act_id_group
-- ----------------------------
DROP VIEW IF EXISTS `act_id_group`;
CREATE ALGORITHM=UNDEFINED DEFINER=`root`@`localhost` SQL SECURITY DEFINER VIEW `act_id_group` AS select `r`.`role_key` AS `ID_`,NULL AS `REV_`,`r`.`role_name` AS `NAME_`,'assignment' AS `TYPE_` from `sys_role` `r` ;

-- ----------------------------
-- View structure for act_id_membership
-- ----------------------------
DROP VIEW IF EXISTS `act_id_membership`;
CREATE ALGORITHM=UNDEFINED DEFINER=`root`@`localhost` SQL SECURITY DEFINER VIEW `act_id_membership` AS select (select `u`.`login_name` from `sys_user` `u` where (`u`.`user_id` = `ur`.`user_id`)) AS `USER_ID_`,(select `r`.`role_key` from `sys_role` `r` where (`r`.`role_id` = `ur`.`role_id`)) AS `GROUP_ID_` from `sys_user_role` `ur` ;

-- ----------------------------
-- View structure for act_id_user
-- ----------------------------
DROP VIEW IF EXISTS `act_id_user`;
CREATE ALGORITHM=UNDEFINED DEFINER=`root`@`localhost` SQL SECURITY DEFINER VIEW `act_id_user` AS select `u`.`login_name` AS `ID_`,0 AS `REV_`,`u`.`user_name` AS `FIRST_`,'' AS `LAST_`,`u`.`email` AS `EMAIL_`,`u`.`password` AS `PWD_`,'' AS `PICTURE_ID_` from `sys_user` `u` ;
